Date,Year,Month,Crop,Price,Mean_Price,Min_Price,Max_Price,Price_Observations,Markets,States
2015-01-01,2015,1,Banana,2050.0,2225.4681528662422,190.0,5200.0,471,215,20
2015-02-01,2015,2,Banana,2000.0,1982.352,575.0,4000.0,125,75,13
2015-03-01,2015,3,Banana,1960.0,1901.7676056338028,275.0,3600.0,142,93,15
2015-04-01,2015,4,Banana,1910.0,1954.3903002309469,85.0,5000.0,433,230,22
2015-05-01,2015,5,Banana,1900.0,1932.347619047619,90.0,6000.0,420,224,21
2015-06-01,2015,6,Banana,1900.0,2025.6174757281553,95.0,6300.0,515,229,22
2015-07-01,2015,7,Banana,1900.0,2076.2198852772467,65.0,5300.0,523,246,21
2015-08-01,2015,8,Banana,1800.0,1987.9904498977505,90.0,5100.0,489,235,22
2015-09-01,2015,9,Banana,1900.0,2031.226345083488,80.0,6000.0,539,243,21
2015-10-01,2015,10,Banana,1800.0,2004.6045197740114,85.0,5200.0,531,236,24
2015-11-01,2015,11,Banana,1525.0,1529.1084337349398,80.0,4000.0,166,95,16
2015-12-01,2015,12,Banana,1800.0,1828.849315068493,90.0,4500.0,511,239,23
2016-01-01,2016,1,Banana,1782.5,1860.1277056277056,80.0,4500.0,462,218,22
2016-02-01,2016,2,Banana,1700.0,1896.233261339093,80.0,5000.0,463,228,22
2016-03-01,2016,3,Banana,1700.0,1906.0593220338983,80.0,5500.0,472,241,23
2016-04-01,2016,4,Banana,1800.0,2066.675675675676,80.0,7000.0,407,209,22
2016-05-01,2016,5,Banana,1600.0,1689.0058823529412,80.0,6000.0,170,98,15
2016-06-01,2016,6,Banana,2120.0,2463.7992766726943,85.0,6200.0,553,237,20
2016-07-01,2016,7,Banana,2300.0,2762.5900990099008,100.0,7100.0,505,231,23
2016-08-01,2016,8,Banana,2500.0,2993.315596330275,110.0,7700.0,545,235,24
2016-09-01,2016,9,Banana,2500.0,2934.030710172745,130.0,7800.0,521,225,23
2016-10-01,2016,10,Banana,2000.0,2360.1600928074245,100.0,6400.0,431,212,19
2016-11-01,2016,11,Banana,2100.0,2568.5205183585313,100.0,9000.0,463,210,21
2016-12-01,2016,12,Banana,2000.0,2442.8818380743983,150.0,7700.0,457,209,21
2017-01-01,2017,1,Banana,1500.0,1823.04,90.0,6000.0,150,89,16
2017-02-01,2017,2,Banana,2100.0,2438.468817204301,100.0,6500.0,465,208,23
2017-03-01,2017,3,Banana,2150.0,2497.0776515151515,100.0,11000.0,528,226,22
2017-04-01,2017,4,Banana,2200.0,2475.2853828306265,120.0,6500.0,431,203,20
2017-05-01,2017,5,Banana,2200.0,2369.8615023474176,135.0,6500.0,426,204,23
2017-06-01,2017,6,Banana,2340.0,2581.5042918454938,135.0,7700.0,466,207,24
2017-07-01,2017,7,Banana,2205.0,2490.1568181818184,150.0,7500.0,440,214,20
2017-08-01,2017,8,Banana,2260.0,2794.2495667244366,200.0,8500.0,577,263,21
2017-09-01,2017,9,Banana,2200.0,2823.161403508772,190.0,9500.0,570,270,23
2017-10-01,2017,10,Banana,1850.0,1951.2471042471043,180.0,6000.0,259,139,16
2017-11-01,2017,11,Banana,2100.0,2474.481081081081,200.0,7400.0,555,265,23
2017-12-01,2017,12,Banana,2200.0,2453.6630036630036,100.0,8500.0,546,245,23
2018-01-01,2018,1,Banana,2200.0,2432.6372912801485,120.0,9000.0,539,244,21
2018-02-01,2018,2,Banana,2200.0,2437.0522522522524,150.0,7624.0,555,241,21
2018-03-01,2018,3,Banana,2300.0,2500.5823970037454,130.0,7500.0,534,245,22
2018-04-01,2018,4,Banana,1960.0,1956.6871657754011,287.5,6300.0,187,110,13
2018-05-01,2018,5,Banana,2200.0,2296.875,294.0,5800.0,480,245,20
2018-06-01,2018,6,Banana,2200.0,2448.271484375,295.0,7800.0,512,254,22
2018-07-01,2018,7,Banana,2000.0,1947.169696969697,315.0,5000.0,165,99,15
2018-08-01,2018,8,Banana,2100.0,2377.513698630137,290.0,8000.0,584,275,22
2018-09-01,2018,9,Banana,2000.0,2240.430735930736,27.0,7100.0,462,243,20
2018-10-01,2018,10,Banana,2100.0,2278.508865248227,160.0,6600.0,564,274,19
2018-11-01,2018,11,Banana,2332.5,2566.6063596491226,226.0,7500.0,456,235,24
2018-12-01,2018,12,Banana,2100.0,2264.1323529411766,215.0,6500.0,510,245,22
2019-01-01,2019,1,Banana,2000.0,2155.8838582677167,260.0,5200.0,508,252,20
2019-02-01,2019,2,Banana,2200.0,2397.939044481054,180.0,8200.0,607,260,22
2019-03-01,2019,3,Banana,2180.0,2426.874149659864,210.0,6100.0,588,268,21
2019-04-01,2019,4,Banana,2200.0,2442.2094801223243,175.0,11000.0,654,279,20
2019-05-01,2019,5,Banana,2150.0,2285.279359430605,190.0,6700.0,562,281,23
2019-06-01,2019,6,Banana,2310.0,2619.7749003984063,245.0,7800.0,502,259,21
2019-07-01,2019,7,Banana,2500.0,2885.970409711684,235.0,8600.0,659,281,19
2019-08-01,2019,8,Banana,2535.0,2870.978187919463,200.0,9500.0,596,260,22
2019-09-01,2019,9,Banana,2200.0,2554.7793103448275,500.0,8000.0,290,154,16
2019-10-01,2019,10,Banana,2400.0,2787.0788461538464,200.0,8200.0,520,253,21
2019-11-01,2019,11,Banana,2400.0,2728.8118811881186,270.0,8100.0,606,269,23
2019-12-01,2019,12,Banana,2200.0,2199.2569169960475,500.0,6800.0,253,137,16
2020-01-01,2020,1,Banana,2300.0,2487.3920454545455,400.0,7600.0,352,193,15
2020-02-01,2020,2,Banana,2300.0,2339.948051948052,352.0,7200.0,385,202,17
2020-03-01,2020,3,Banana,2225.0,2322.711956521739,700.0,7000.0,184,105,12
2020-04-01,2020,4,Banana,2400.0,2349.5274390243903,150.0,6000.0,328,184,14
2020-05-01,2020,5,Banana,2350.0,2416.21325648415,500.0,7600.0,347,194,15
2020-06-01,2020,6,Banana,2240.0,2416.5995623632384,375.0,6800.0,457,216,18
2020-07-01,2020,7,Banana,2200.0,2429.3525179856115,300.0,9000.0,417,212,17
2020-08-01,2020,8,Banana,2062.5,2273.615702479339,400.0,9000.0,242,158,15
2020-09-01,2020,9,Banana,2260.0,2610.826747720365,350.0,7000.0,329,192,16
2020-10-01,2020,10,Banana,2330.0,2570.06157635468,275.0,6100.0,406,203,19
2020-11-01,2020,11,Banana,2150.0,2344.4114583333335,500.0,7500.0,192,102,13
2020-12-01,2020,12,Banana,2200.0,2420.3882978723404,280.0,7800.0,376,196,15
2021-01-01,2021,1,Banana,2100.0,2281.526754385965,325.0,6600.0,456,222,15
2021-02-01,2021,2,Banana,2100.0,2215.6085011185683,275.0,7600.0,447,223,17
2021-03-01,2021,3,Banana,2250.0,2364.614314115308,300.0,7100.0,503,236,17
2021-04-01,2021,4,Banana,2300.0,2365.4889975550122,400.0,6300.0,409,213,19
2021-05-01,2021,5,Banana,2440.0,2617.6802973977697,401.0,6800.0,269,161,13
2021-06-01,2021,6,Banana,2400.0,2466.391011235955,476.0,7500.0,445,212,15
2021-07-01,2021,7,Banana,2400.0,2576.5033860045146,815.0,8100.0,443,204,15
2021-08-01,2021,8,Banana,2400.0,2573.525925925926,936.0,7000.0,135,79,13
2021-09-01,2021,9,Banana,2410.0,2593.593220338983,400.0,6200.0,472,227,16
2021-10-01,2021,10,Banana,2400.0,2534.943137254902,450.0,9200.0,510,237,17
2021-11-01,2021,11,Banana,2350.0,2468.861855670103,300.0,6000.0,485,220,16
2021-12-01,2021,12,Banana,2300.0,2480.04,250.0,7000.0,475,213,15
2022-01-01,2022,1,Banana,2100.0,2432.8055555555557,300.0,6500.0,540,249,20
2022-02-01,2022,2,Banana,2200.0,3265.5970588235296,300.0,350000.0,680,288,22
2022-03-01,2022,3,Banana,2300.0,2728.1968,300.0,8500.0,625,288,22
2022-04-01,2022,4,Banana,2500.0,3182.670382165605,400.0,42000.0,628,289,23
2022-05-01,2022,5,Banana,2100.0,2595.0,400.0,7900.0,230,125,14
2022-06-01,2022,6,Banana,2635.0,3403.469320066335,525.0,55000.0,603,269,22
2022-07-01,2022,7,Banana,2850.0,3852.4777183600713,525.0,55000.0,561,265,20
2022-08-01,2022,8,Banana,2892.5,3322.6169230769233,480.0,17875.0,650,278,22
2022-09-01,2022,9,Banana,2650.0,3070.2913533834585,480.0,14000.0,532,269,23
2022-10-01,2022,10,Banana,2535.0,3956.548561151079,480.0,500000.0,556,262,22
2022-11-01,2022,11,Banana,2500.0,2954.489932885906,500.0,7600.0,596,263,24
2022-12-01,2022,12,Banana,2400.0,3725.544342507645,350.0,400000.0,654,268,24
2023-01-01,2023,1,Banana,2100.0,2397.227467811159,480.0,6200.0,233,130,15
2023-02-01,2023,2,Banana,2560.0,3235.631276901004,480.0,52000.0,697,288,24
2023-03-01,2023,3,Banana,2890.0,3555.2332089552237,480.0,52000.0,536,257,24
2023-04-01,2023,4,Banana,3000.0,3088.8044280442805,480.0,7800.0,542,264,23
2023-05-01,2023,5,Banana,2800.0,2992.9715639810424,480.0,15200.0,633,293,22
2023-06-01,2023,6,Banana,2630.0,3879.2861072902338,480.0,380000.0,727,309,21
2023-07-01,2023,7,Banana,2600.0,3027.8958333333335,400.0,9200.0,576,274,19
2023-08-01,2023,8,Banana,2777.5,3269.9891891891893,525.0,48000.0,740,319,23
2023-09-01,2023,9,Banana,2800.0,3322.2750677506774,525.0,10950.0,738,325,24
2023-10-01,2023,10,Banana,2490.0,2729.742268041237,500.0,12300.0,291,138,15
2023-11-01,2023,11,Banana,2800.0,3117.940860215054,525.0,11900.0,744,302,24
2023-12-01,2023,12,Banana,2800.0,3096.251768033946,587.0,12500.0,707,298,21
2024-01-01,2024,1,Banana,2700.0,2918.4179620034542,800.0,9300.0,579,254,17
2024-02-01,2024,2,Banana,2800.0,3070.673813169985,900.0,11000.0,653,259,17
2024-03-01,2024,3,Banana,2765.0,2962.311151079137,40.0,9400.0,556,269,19
2024-04-01,2024,4,Banana,2900.0,3166.9701937406853,600.0,9100.0,671,296,17
2024-05-01,2024,5,Banana,2820.0,3055.514538558786,22.0,10000.0,791,329,17
2024-06-01,2024,6,Banana,3000.0,3637.9292267365663,580.0,10500.0,763,311,17
2024-07-01,2024,7,Banana,3185.0,3513.660136286201,25.0,12700.0,1174,452,19
2024-08-01,2024,8,Banana,4000.0,4196.532740501212,545.0,16000.0,1237,524,21
2024-09-01,2024,9,Banana,4000.0,4328.770538243626,560.0,12000.0,706,332,15
2024-10-01,2024,10,Banana,3700.0,4012.1320590790615,230.0,11000.0,1151,498,24
2024-11-01,2024,11,Banana,4000.0,4048.8102836879434,400.0,10000.0,1128,495,23
2024-12-01,2024,12,Banana,4000.0,4046.1285714285714,560.0,10000.0,560,328,17
2025-01-01,2025,1,Banana,4000.0,4257.916488222698,180.0,12000.0,934,465,19
2025-02-01,2025,2,Banana,4000.0,4572.834205933683,8.0,13000.0,1146,494,21
2025-03-01,2025,3,Banana,4000.0,4344.5339207048455,55.0,12000.0,1135,485,20
2025-04-01,2025,4,Banana,4000.0,4293.614079728583,60.0,12000.0,1179,509,21
2025-05-01,2025,5,Banana,4000.0,4224.989492119089,68.0,78000.0,1142,514,23
2025-06-01,2025,6,Banana,4000.0,4128.117714285714,340.0,10000.0,875,390,15
2025-07-01,2025,7,Banana,4000.0,4126.231398809524,13.0,10000.0,1344,572,23
2025-08-01,2025,8,Banana,3400.0,3746.5133647798743,15.0,10000.0,1272,522,24
2025-09-01,2025,9,Banana,3500.0,3778.013731825525,20.0,11500.0,1238,518,23
2025-10-01,2025,10,Banana,2800.0,3198.569969356486,40.0,11000.0,979,454,23
2025-11-01,2025,11,Banana,3000.0,3207.170055172414,40.0,8500.0,725,427,22
2025-12-01,2025,12,Banana,3300.0,3283.087021085011,300.0,9000.0,894,435,21
2015-01-01,2015,1,Cotton,4100.0,4163.713151927438,3183.0,22150.0,441,253,13
2015-02-01,2015,2,Cotton,3950.0,3883.9166666666665,1204.0,4500.0,72,48,10
2015-03-01,2015,3,Cotton,3900.0,3810.448275862069,2600.0,4400.0,58,37,10
2015-04-01,2015,4,Cotton,4100.0,4111.0609756097565,2700.0,5100.0,246,160,11
2015-05-01,2015,5,Cotton,4200.0,4208.610778443114,3445.0,7600.0,167,113,9
2015-06-01,2015,6,Cotton,4200.0,4147.827586206897,800.0,7588.0,145,84,9
2015-07-01,2015,7,Cotton,4072.0,4066.0,959.0,4675.0,100,63,7
2015-08-01,2015,8,Cotton,4048.0,4063.64406779661,2875.0,4690.0,59,39,5
2015-09-01,2015,9,Cotton,4250.0,4173.1,1320.0,6000.0,110,66,8
2015-10-01,2015,10,Cotton,4200.0,4179.959770114942,2759.0,5400.0,261,148,10
2015-11-01,2015,11,Cotton,4050.0,4093.6285714285714,3330.0,6100.0,105,68,8
2015-12-01,2015,12,Cotton,4185.0,4253.499102333932,1230.0,40000.0,557,304,12
2016-01-01,2016,1,Cotton,4600.0,4552.615163147792,1075.0,6160.0,521,297,11
2016-02-01,2016,2,Cotton,4480.0,4463.430913348946,3400.0,6190.0,427,260,12
2016-03-01,2016,3,Cotton,4400.0,4373.785511363636,3450.0,6100.0,352,220,11
2016-04-01,2016,4,Cotton,4352.5,4344.3279569892475,3175.0,6162.0,186,132,10
2016-05-01,2016,5,Cotton,4275.0,4321.333333333333,3800.0,5108.0,54,36,5
2016-06-01,2016,6,Cotton,4785.0,4718.063909774436,2000.0,5800.0,133,82,9
2016-07-01,2016,7,Cotton,5175.0,5184.455696202532,1050.0,15700.0,79,51,7
2016-08-01,2016,8,Cotton,5500.0,5383.430769230769,4000.0,6889.0,65,38,6
2016-09-01,2016,9,Cotton,5000.0,5012.618421052632,3909.0,8000.0,76,50,9
2016-10-01,2016,10,Cotton,5060.0,4919.6832460732985,3810.0,6500.0,191,108,9
2016-11-01,2016,11,Cotton,4750.0,4701.885196374622,66.0,6146.0,331,223,11
2016-12-01,2016,12,Cotton,4930.0,4867.226315789474,3500.0,6649.0,570,290,11
2017-01-01,2017,1,Cotton,5100.0,5019.4078947368425,3860.0,6149.0,152,87,8
2017-02-01,2017,2,Cotton,5500.0,5388.594160583942,54.6,7179.0,548,295,12
2017-03-01,2017,3,Cotton,5500.0,5435.111458333334,3350.0,6450.0,480,262,11
2017-04-01,2017,4,Cotton,5400.0,5335.910416666667,3103.0,7000.0,240,152,9
2017-05-01,2017,5,Cotton,5050.0,4960.637640449439,3300.0,6011.0,178,122,9
2017-06-01,2017,6,Cotton,4900.0,4856.120967741936,3141.0,6902.0,124,80,8
2017-07-01,2017,7,Cotton,5000.0,4942.333333333333,4000.0,5600.0,45,26,7
2017-08-01,2017,8,Cotton,4857.5,4796.666666666667,3725.0,5575.0,66,44,9
2017-09-01,2017,9,Cotton,4505.0,4563.123893805309,2500.0,5621.0,113,72,10
2017-10-01,2017,10,Cotton,4300.0,4240.195652173913,3150.0,4900.0,46,30,7
2017-11-01,2017,11,Cotton,4375.0,4437.691343963554,2529.0,6000.0,439,258,12
2017-12-01,2017,12,Cotton,4560.0,4585.205078125,1210.0,7950.0,512,290,12
2018-01-01,2018,1,Cotton,5050.0,5056.9939637826965,200.0,6999.0,497,284,12
2018-02-01,2018,2,Cotton,4804.0,4824.0074152542375,3785.0,6360.0,472,276,12
2018-03-01,2018,3,Cotton,4665.0,4641.248633879782,2829.0,6025.0,366,240,11
2018-04-01,2018,4,Cotton,4500.0,4524.12676056338,3150.0,10650.0,71,45,8
2018-05-01,2018,5,Cotton,4575.0,4452.543715846995,1025.0,5475.0,183,127,8
2018-06-01,2018,6,Cotton,4850.0,4775.604166666667,1151.0,6600.0,120,81,8
2018-07-01,2018,7,Cotton,5000.0,4969.875,3800.0,6059.0,8,6,4
2018-08-01,2018,8,Cotton,5600.0,5470.0,1100.0,9350.0,44,33,7
2018-09-01,2018,9,Cotton,5470.0,5354.153846153846,3653.0,6364.0,39,33,8
2018-10-01,2018,10,Cotton,5219.5,5220.253676470588,2000.0,6702.0,272,161,10
2018-11-01,2018,11,Cotton,5482.0,5409.6207865168535,800.0,6607.0,178,130,9
2018-12-01,2018,12,Cotton,5400.0,5396.255319148936,1090.0,7205.0,376,209,11
2019-01-01,2019,1,Cotton,5400.0,5370.681818181818,1075.0,6725.0,440,244,11
2019-02-01,2019,2,Cotton,5350.0,5262.357142857143,110.0,10000.0,420,237,11
2019-03-01,2019,3,Cotton,5300.0,5211.685410334347,1080.0,10500.0,329,201,11
2019-04-01,2019,4,Cotton,5888.0,5779.273037542662,1250.0,6450.0,293,178,10
2019-05-01,2019,5,Cotton,5899.5,5673.953333333333,1220.0,6450.0,150,101,9
2019-06-01,2019,6,Cotton,5838.0,5683.120879120879,1240.0,6660.0,91,60,9
2019-07-01,2019,7,Cotton,5700.0,5615.720588235294,4789.0,6410.0,68,43,8
2019-08-01,2019,8,Cotton,5466.5,5404.379310344828,1160.0,7000.0,58,38,8
2019-09-01,2019,9,Cotton,5350.0,5280.476190476191,4600.0,5700.0,21,13,6
2019-10-01,2019,10,Cotton,5200.0,5009.808139534884,950.0,6100.0,172,114,11
2019-11-01,2019,11,Cotton,5039.5,4928.980916030534,1051.0,8700.0,262,166,11
2019-12-01,2019,12,Cotton,4950.0,4999.212962962963,3500.0,6343.0,108,65,10
2020-01-01,2020,1,Cotton,5144.5,5093.554964539007,3719.0,6240.0,282,185,11
2020-02-01,2020,2,Cotton,5050.0,5037.738589211618,4000.0,6718.0,241,156,9
2020-03-01,2020,3,Cotton,4942.5,4889.75,4099.0,5400.0,40,27,5
2020-04-01,2020,4,Cotton,3939.0,4041.5454545454545,3100.0,5120.0,11,9,1
2020-05-01,2020,5,Cotton,4175.0,4213.410256410257,1320.0,5405.0,78,69,6
2020-06-01,2020,6,Cotton,4300.0,4393.782258064516,2900.0,5450.0,124,81,6
2020-07-01,2020,7,Cotton,4454.5,4450.0675675675675,2400.0,5363.0,74,51,5
2020-08-01,2020,8,Cotton,4305.0,4324.482758620689,3128.0,5355.0,29,20,4
2020-09-01,2020,9,Cotton,4571.0,4554.211538461538,3150.0,5930.0,52,34,7
2020-10-01,2020,10,Cotton,4502.5,4497.2584745762715,857.0,6250.0,118,81,9
2020-11-01,2020,11,Cotton,4645.0,4688.333333333333,3865.0,5700.0,30,23,6
2020-12-01,2020,12,Cotton,5437.5,5366.495035460994,3460.0,7100.0,141,112,9
2021-01-01,2021,1,Cotton,5417.5,5397.30453038674,2089.0,7606.0,181,142,9
2021-02-01,2021,2,Cotton,5600.0,5572.749032258064,2698.0,8150.0,217,155,9
2021-03-01,2021,3,Cotton,5813.0,5786.816666666667,3610.0,7019.0,180,127,9
2021-04-01,2021,4,Cotton,5782.5,5714.704545454545,3770.0,6974.0,88,62,7
2021-05-01,2021,5,Cotton,5229.5,5294.833333333333,4500.0,6000.0,6,6,4
2021-06-01,2021,6,Cotton,6140.0,6105.806451612903,4330.0,7350.0,31,24,5
2021-07-01,2021,7,Cotton,6326.5,6235.0625,4300.0,7779.0,32,21,4
2021-08-01,2021,8,Cotton,6500.0,6593.285714285715,4440.0,9913.0,7,6,3
2021-09-01,2021,9,Cotton,6511.0,6394.2307692307695,4400.0,7901.0,39,36,6
2021-10-01,2021,10,Cotton,6600.0,6415.847619047619,2300.0,8601.0,105,83,8
2021-11-01,2021,11,Cotton,8100.0,7977.132075471698,4350.0,14169.0,159,121,9
2021-12-01,2021,12,Cotton,7925.0,7878.453667953668,1925.0,15609.0,259,180,10
2022-01-01,2022,1,Cotton,8900.0,8668.475433526011,5150.0,12775.0,346,206,11
2022-02-01,2022,2,Cotton,9200.0,9056.304347826086,5150.0,11135.0,391,219,11
2022-03-01,2022,3,Cotton,9200.0,8990.018907563026,5000.0,12000.0,238,161,11
2022-04-01,2022,4,Cotton,10000.0,9949.580459770115,1900.0,12500.0,174,124,10
2022-05-01,2022,5,Cotton,9540.0,9531.454545454546,6000.0,12300.0,33,22,5
2022-06-01,2022,6,Cotton,10500.0,10304.464788732394,6000.0,13001.0,71,49,9
2022-07-01,2022,7,Cotton,9109.5,8511.795454545454,5100.0,11050.0,44,30,6
2022-08-01,2022,8,Cotton,9595.0,9014.372881355932,5000.0,11720.0,59,36,6
2022-09-01,2022,9,Cotton,9400.0,9053.628099173553,5000.0,11555.0,121,83,10
2022-10-01,2022,10,Cotton,8276.75,8164.4157303370785,6025.0,9900.0,178,107,10
2022-11-01,2022,11,Cotton,8250.0,8103.19347826087,5700.0,9900.0,230,143,10
2022-12-01,2022,12,Cotton,8450.0,8314.78978978979,1962.0,9795.0,333,201,11
2023-01-01,2023,1,Cotton,7900.0,7608.38,4500.0,8770.0,100,59,6
2023-02-01,2023,2,Cotton,7804.0,7776.166237113402,5500.0,10205.0,388,213,11
2023-03-01,2023,3,Cotton,7631.0,7614.327838827839,6080.0,10700.0,273,190,11
2023-04-01,2023,4,Cotton,7690.0,7606.609452736318,6080.0,10290.0,201,128,9
2023-05-01,2023,5,Cotton,7550.0,7488.115555555555,5980.0,8375.0,225,150,9
2023-06-01,2023,6,Cotton,7050.0,6903.5672268907565,1766.0,8117.0,238,143,9
2023-07-01,2023,7,Cotton,6850.0,6756.423357664234,5050.0,9500.0,137,90,9
2023-08-01,2023,8,Cotton,7000.0,6865.8740157480315,4101.0,10000.0,127,83,9
2023-09-01,2023,9,Cotton,6950.0,6823.709325153375,4800.0,7850.0,163,109,11
2023-10-01,2023,10,Cotton,6775.0,6516.854166666667,4000.0,7600.0,48,30,8
2023-11-01,2023,11,Cotton,6950.0,6874.64367816092,4700.0,8000.0,261,161,9
2023-12-01,2023,12,Cotton,6800.0,6707.202492211838,1300.0,8400.0,321,186,10
2024-01-01,2024,1,Cotton,6650.0,6541.224609375,4198.0,9029.0,256,161,10
2024-02-01,2024,2,Cotton,6500.0,6418.4876325088335,4200.0,7200.0,283,168,10
2024-03-01,2024,3,Cotton,7000.0,6934.08,3899.0,7900.0,200,143,10
2024-04-01,2024,4,Cotton,7056.5,6979.391304347826,4388.0,8075.0,138,95,9
2024-05-01,2024,5,Cotton,6910.0,6883.701492537313,5740.0,7600.0,134,88,8
2024-06-01,2024,6,Cotton,6950.0,6847.0192307692305,5375.0,7599.0,104,66,7
2024-07-01,2024,7,Cotton,7100.0,6991.148148148148,5500.0,7800.0,81,51,8
2024-08-01,2024,8,Cotton,7151.5,7069.727272727273,5600.0,8000.0,66,38,7
2024-09-01,2024,9,Cotton,6937.5,6638.083333333333,4451.0,7341.0,12,9,3
2024-10-01,2024,10,Cotton,7100.0,6941.301675977654,4300.0,8404.0,179,113,8
2024-11-01,2024,11,Cotton,7150.0,7220.850877192983,6000.0,10200.0,228,181,8
2024-12-01,2024,12,Cotton,7075.0,7210.405405405405,5850.0,10400.0,74,56,7
2025-01-01,2025,1,Cotton,7165.0,7174.056666666666,5500.0,10300.0,300,201,9
2025-02-01,2025,2,Cotton,7100.0,7095.010638297872,4880.0,9850.0,329,181,9
2025-03-01,2025,3,Cotton,7000.0,6972.202898550725,5472.0,8502.0,276,162,10
2025-04-01,2025,4,Cotton,7150.0,7082.778350515464,5500.0,7850.0,194,115,9
2025-05-01,2025,5,Cotton,7223.5,7074.528846153846,5025.0,8050.0,104,72,9
2025-06-01,2025,6,Cotton,7175.5,6765.791666666667,5200.0,7521.0,24,13,5
2025-07-01,2025,7,Cotton,7410.5,7240.5,5200.0,8100.0,56,33,7
2025-08-01,2025,8,Cotton,7663.0,7387.413043478261,5500.0,8235.0,46,28,4
2025-09-01,2025,9,Cotton,6975.0,6938.548387096775,3900.0,7875.0,62,39,6
2025-10-01,2025,10,Cotton,6887.0,6767.527522935779,4350.0,8000.0,218,128,8
2025-11-01,2025,11,Cotton,7000.0,6967.960176991151,5425.0,8110.0,226,143,8
2025-12-01,2025,12,Cotton,7000.0,6961.36897574124,4900.0,8269.0,371,185,10
2015-01-01,2015,1,Groundnut,3980.0,3945.2109375,1410.0,7600.0,192,116,13
2015-02-01,2015,2,Groundnut,4200.0,4300.64705882353,2200.0,5350.0,34,22,6
2015-03-01,2015,3,Groundnut,4395.0,4322.833333333333,2200.0,5450.0,24,14,4
2015-04-01,2015,4,Groundnut,4250.0,4552.704379562044,2689.0,7450.0,137,95,13
2015-05-01,2015,5,Groundnut,4299.0,4522.2844827586205,1610.0,8000.0,116,81,12
2015-06-01,2015,6,Groundnut,4903.0,5000.147208121827,1650.0,8650.0,197,103,13
2015-07-01,2015,7,Groundnut,4650.0,4968.735849056604,1702.0,8750.0,159,95,12
2015-08-01,2015,8,Groundnut,4395.0,4435.9277108433735,1800.0,7500.0,83,50,9
2015-09-01,2015,9,Groundnut,4700.0,5077.370967741936,290.0,9450.0,124,76,11
2015-10-01,2015,10,Groundnut,4500.0,4673.598086124402,288.5,9550.0,209,124,14
2015-11-01,2015,11,Groundnut,4000.0,3885.035714285714,2000.0,5875.0,28,18,7
2015-12-01,2015,12,Groundnut,4100.0,4270.311382113821,321.5,8850.0,246,132,14
2016-01-01,2016,1,Groundnut,4216.5,4387.647959183673,2523.0,8800.0,196,126,13
2016-02-01,2016,2,Groundnut,4075.0,4391.110344827586,1630.0,8600.0,145,98,14
2016-03-01,2016,3,Groundnut,4450.0,4756.322147651007,2600.0,8300.0,149,91,11
2016-04-01,2016,4,Groundnut,4876.5,5022.307692307692,2700.0,8500.0,104,79,13
2016-05-01,2016,5,Groundnut,5250.0,5168.619047619048,2200.0,8000.0,21,17,8
2016-06-01,2016,6,Groundnut,5346.5,5389.984782608695,1990.0,9300.0,230,127,12
2016-07-01,2016,7,Groundnut,5330.0,5524.018867924528,2000.0,9400.0,159,94,13
2016-08-01,2016,8,Groundnut,5538.0,5751.009090909091,2849.0,10300.0,110,66,12
2016-09-01,2016,9,Groundnut,5000.0,5189.050505050505,1609.0,10900.0,99,71,11
2016-10-01,2016,10,Groundnut,4250.0,4315.266666666666,2000.0,9000.0,135,89,12
2016-11-01,2016,11,Groundnut,4050.0,4385.166666666667,800.0,8500.0,153,117,15
2016-12-01,2016,12,Groundnut,4000.0,4145.467441860465,4.0,8350.0,215,120,12
2017-01-01,2017,1,Groundnut,4140.0,4256.0,3151.0,6700.0,20,13,6
2017-02-01,2017,2,Groundnut,4145.0,4428.289699570815,900.0,8820.0,233,128,12
2017-03-01,2017,3,Groundnut,4250.0,4709.731277533039,850.0,10251.0,227,124,15
2017-04-01,2017,4,Groundnut,4560.0,4730.663157894737,2100.0,8700.0,95,64,9
2017-05-01,2017,5,Groundnut,4382.0,4746.089430894309,2100.0,9500.0,123,86,11
2017-06-01,2017,6,Groundnut,4400.0,4604.7411764705885,2960.0,8800.0,170,98,10
2017-07-01,2017,7,Groundnut,3850.0,3891.078125,1900.0,8800.0,64,44,9
2017-08-01,2017,8,Groundnut,3750.0,4258.707692307692,2200.0,8886.0,130,78,9
2017-09-01,2017,9,Groundnut,3474.0,3932.8432835820895,1519.0,8800.0,134,79,10
2017-10-01,2017,10,Groundnut,3157.5,3341.5,2100.0,4800.0,24,16,7
2017-11-01,2017,11,Groundnut,3567.5,3835.2436440677966,1900.0,8800.0,236,146,12
2017-12-01,2017,12,Groundnut,3674.0,3923.7461240310076,2150.0,8000.0,258,140,13
2018-01-01,2018,1,Groundnut,3700.0,3892.578602620087,2329.0,8000.0,229,142,12
2018-02-01,2018,2,Groundnut,3597.5,3811.7254464285716,1280.0,7800.0,224,131,12
2018-03-01,2018,3,Groundnut,3711.0,3902.6242424242423,2100.0,6174.0,165,107,12
2018-04-01,2018,4,Groundnut,3763.0,3862.5,1850.0,5310.0,24,13,3
2018-05-01,2018,5,Groundnut,3409.0,3533.468503937008,1756.0,5650.0,127,84,9
2018-06-01,2018,6,Groundnut,3550.0,3691.389140271493,1613.0,6850.0,221,129,10
2018-07-01,2018,7,Groundnut,3250.0,3304.896551724138,2200.0,4660.0,29,18,6
2018-08-01,2018,8,Groundnut,3750.0,3844.6317567567567,2450.0,6301.0,148,95,12
2018-09-01,2018,9,Groundnut,3713.0,3761.7571428571428,2100.0,5460.0,70,49,12
2018-10-01,2018,10,Groundnut,3900.0,4113.057228915663,2100.0,7511.0,166,109,12
2018-11-01,2018,11,Groundnut,4250.0,4492.382716049383,3000.0,6836.0,81,68,12
2018-12-01,2018,12,Groundnut,3927.5,4035.22311827957,2571.0,6500.0,186,108,11
2019-01-01,2019,1,Groundnut,4002.5,4204.602631578948,1910.0,7537.0,190,114,12
2019-02-01,2019,2,Groundnut,4097.0,4338.592039800995,3018.0,7524.0,201,110,13
2019-03-01,2019,3,Groundnut,4250.0,4464.9922279792745,2855.0,7700.0,193,108,12
2019-04-01,2019,4,Groundnut,4325.0,4658.872611464968,1969.0,8700.0,157,88,13
2019-05-01,2019,5,Groundnut,4625.0,4744.991228070176,2340.0,7569.0,114,82,12
2019-06-01,2019,6,Groundnut,4800.0,4865.72695035461,3000.0,8950.0,141,87,12
2019-07-01,2019,7,Groundnut,5200.0,5431.804054054054,3200.0,9500.0,148,84,11
2019-08-01,2019,8,Groundnut,4980.0,5372.525773195876,2159.0,10045.0,97,62,11
2019-09-01,2019,9,Groundnut,4975.0,4813.45,3369.0,6071.0,20,12,5
2019-10-01,2019,10,Groundnut,5100.0,5383.266666666666,2125.0,11100.0,90,74,13
2019-11-01,2019,11,Groundnut,4392.0,4620.891705069124,2350.0,8000.0,217,140,13
2019-12-01,2019,12,Groundnut,4095.0,4384.736842105263,3450.0,7800.0,38,24,9
2020-01-01,2020,1,Groundnut,4555.0,4606.7177914110425,2900.0,8000.0,163,102,11
2020-02-01,2020,2,Groundnut,4642.5,4649.704166666666,3269.0,7000.0,120,75,11
2020-03-01,2020,3,Groundnut,5351.0,5386.952380952381,4170.0,7100.0,21,14,6
2020-04-01,2020,4,Groundnut,5494.5,5814.181818181818,4600.0,8650.0,22,17,3
2020-05-01,2020,5,Groundnut,5249.0,5277.073529411765,2000.0,8446.0,68,57,7
2020-06-01,2020,6,Groundnut,5072.5,5209.986033519553,2000.0,8750.0,179,114,10
2020-07-01,2020,7,Groundnut,5225.0,5323.700680272109,2305.0,12700.0,147,100,10
2020-08-01,2020,8,Groundnut,4719.0,4690.315789473684,2700.0,6400.0,38,31,8
2020-09-01,2020,9,Groundnut,4581.5,4838.755102040816,2700.0,9000.0,98,69,10
2020-10-01,2020,10,Groundnut,4330.0,4521.71897810219,2400.0,8100.0,137,99,11
2020-11-01,2020,11,Groundnut,4043.5,4457.807692307692,2600.0,6800.0,26,17,8
2020-12-01,2020,12,Groundnut,4865.0,5315.345528455285,3400.0,8750.0,123,90,10
2021-01-01,2021,1,Groundnut,5000.0,5172.972727272727,3315.0,8200.0,165,98,9
2021-02-01,2021,2,Groundnut,5275.0,5469.357575757575,4000.0,9500.0,165,95,10
2021-03-01,2021,3,Groundnut,5650.0,6061.6511627906975,4380.0,10000.0,129,85,10
2021-04-01,2021,4,Groundnut,5475.0,5477.519480519481,2651.0,10500.0,77,55,8
2021-05-01,2021,5,Groundnut,5090.0,5038.631578947368,3400.0,6701.0,19,15,6
2021-06-01,2021,6,Groundnut,5100.0,5198.2868217054265,2500.0,9300.0,129,85,10
2021-07-01,2021,7,Groundnut,4872.0,4959.632142857143,2450.0,9800.0,140,87,7
2021-08-01,2021,8,Groundnut,4990.0,4990.714285714285,4125.0,5800.0,14,9,3
2021-09-01,2021,9,Groundnut,5600.0,5882.131578947368,3050.0,9800.0,114,81,10
2021-10-01,2021,10,Groundnut,5464.0,5540.943609022556,1900.0,9600.0,133,96,11
2021-11-01,2021,11,Groundnut,5302.0,5541.715447154472,3780.0,10000.0,123,89,9
2021-12-01,2021,12,Groundnut,5365.0,5628.847368421053,3000.0,10235.0,190,122,10
2022-01-01,2022,1,Groundnut,5185.0,5251.581325301205,1000.0,8000.0,166,96,9
2022-02-01,2022,2,Groundnut,5200.0,5522.5127551020405,4000.0,11250.0,196,120,11
2022-03-01,2022,3,Groundnut,5600.0,5886.860655737705,2742.0,10881.0,122,95,12
2022-04-01,2022,4,Groundnut,5629.0,6005.04424778761,3577.0,10156.0,113,80,10
2022-05-01,2022,5,Groundnut,5175.0,5261.0,3566.0,7800.0,18,14,6
2022-06-01,2022,6,Groundnut,5700.0,5858.023474178403,3050.0,10153.0,213,140,11
2022-07-01,2022,7,Groundnut,5664.5,5810.807692307692,3100.0,9800.0,156,111,11
2022-08-01,2022,8,Groundnut,5950.0,6273.795138888889,4200.0,10240.0,144,90,11
2022-09-01,2022,9,Groundnut,5691.0,6026.056451612903,2379.0,10420.0,124,80,11
2022-10-01,2022,10,Groundnut,5708.0,5561.683673469388,1800.0,8362.0,147,89,9
2022-11-01,2022,11,Groundnut,5850.0,6098.743016759777,2650.0,14401.0,179,117,11
2022-12-01,2022,12,Groundnut,5800.0,6019.428571428572,4250.0,10700.0,161,108,13
2023-01-01,2023,1,Groundnut,5950.0,6010.484545454545,4500.0,7569.99,33,20,4
2023-02-01,2023,2,Groundnut,6636.5,6886.601075268817,1250.0,12000.0,186,106,10
2023-03-01,2023,3,Groundnut,6854.5,7051.790322580645,2525.0,11100.0,124,92,10
2023-04-01,2023,4,Groundnut,6209.0,6254.239436619719,4625.0,8900.0,71,49,10
2023-05-01,2023,5,Groundnut,6425.0,6559.686440677966,2640.0,13335.0,118,81,12
2023-06-01,2023,6,Groundnut,6395.0,6397.497596153846,2652.0,10456.0,208,123,12
2023-07-01,2023,7,Groundnut,6789.5,6691.652542372882,2325.0,12255.0,118,76,10
2023-08-01,2023,8,Groundnut,7125.0,7258.095890410959,2789.0,11000.0,146,91,10
2023-09-01,2023,9,Groundnut,6468.0,6710.401785714285,2679.0,12000.0,112,72,11
2023-10-01,2023,10,Groundnut,6400.0,6161.375,3850.0,10600.0,16,14,9
2023-11-01,2023,11,Groundnut,6215.25,6390.060747663551,1220.0,11250.0,214,130,11
2023-12-01,2023,12,Groundnut,6405.0,6626.4327731092435,1315.0,11621.0,238,135,12
2024-01-01,2024,1,Groundnut,6375.0,6517.144654088051,4493.0,11261.0,159,95,12
2024-02-01,2024,2,Groundnut,6062.0,6304.59756097561,3700.0,11350.0,164,93,10
2024-03-01,2024,3,Groundnut,6107.5,6360.325396825397,4330.0,11000.0,126,98,11
2024-04-01,2024,4,Groundnut,5855.0,6215.632075471698,4300.0,10943.0,106,73,9
2024-05-01,2024,5,Groundnut,5945.0,6082.613924050633,3800.0,9763.0,158,92,7
2024-06-01,2024,6,Groundnut,5750.0,5771.7303664921465,3600.0,11550.0,191,107,10
2024-07-01,2024,7,Groundnut,5745.0,5874.788636363636,3250.0,11250.0,220,145,11
2024-08-01,2024,8,Groundnut,6000.0,6005.036199095022,3436.0,11500.0,221,128,12
2024-09-01,2024,9,Groundnut,6000.0,6237.4375,3700.0,11500.0,112,65,7
2024-10-01,2024,10,Groundnut,5400.0,5553.075091575091,3510.0,11300.0,273,160,12
2024-11-01,2024,11,Groundnut,5380.0,5475.114832535885,3400.0,11400.0,209,163,11
2024-12-01,2024,12,Groundnut,5800.0,5679.527777777777,3725.0,8500.0,72,63,8
2025-01-01,2025,1,Groundnut,5350.0,5467.288679245283,3500.0,9000.0,265,161,10
2025-02-01,2025,2,Groundnut,5183.0,5375.952205882353,3495.0,8000.0,272,143,9
2025-03-01,2025,3,Groundnut,5330.0,5567.738396624472,3560.0,8000.0,237,135,10
2025-04-01,2025,4,Groundnut,5500.0,5636.981566820276,3520.0,8000.0,217,125,9
2025-05-01,2025,5,Groundnut,5461.0,5615.515306122449,3500.0,8000.0,196,127,10
2025-06-01,2025,6,Groundnut,6000.0,6222.675925925926,3400.0,12062.0,108,62,6
2025-07-01,2025,7,Groundnut,5455.0,5645.834024896266,3500.0,8000.0,241,146,9
2025-08-01,2025,8,Groundnut,5250.0,5515.594285714285,3500.0,12363.0,175,125,9
2025-09-01,2025,9,Groundnut,5500.0,5700.567164179104,3525.0,12983.0,201,116,10
2025-10-01,2025,10,Groundnut,5000.0,5236.908878504673,3405.0,10500.0,214,153,11
2025-11-01,2025,11,Groundnut,5260.0,5498.168259109312,3420.0,9600.0,247,152,8
2025-12-01,2025,12,Groundnut,5800.0,5954.590985074627,3670.0,13050.0,335,170,10
2015-01-01,2015,1,Jowar/Sorghum,2000.0,2147.0621118012423,1040.0,5300.0,161,99,7
2015-02-01,2015,2,Jowar/Sorghum,1700.0,1799.6857142857143,1050.0,4000.0,35,23,8
2015-03-01,2015,3,Jowar/Sorghum,1650.0,1623.4642857142858,1030.0,2450.0,28,18,6
2015-04-01,2015,4,Jowar/Sorghum,1927.5,1996.21,850.0,5504.0,100,72,9
2015-05-01,2015,5,Jowar/Sorghum,1875.0,1940.148148148148,1000.0,5350.0,81,63,7
2015-06-01,2015,6,Jowar/Sorghum,2070.0,2161.5698324022346,1000.0,5741.0,179,106,9
2015-07-01,2015,7,Jowar/Sorghum,1950.0,2046.111111111111,500.0,5097.0,144,89,7
2015-08-01,2015,8,Jowar/Sorghum,2000.0,2158.919540229885,900.0,5600.0,87,61,7
2015-09-01,2015,9,Jowar/Sorghum,1700.0,1860.3786764705883,850.0,3940.0,136,89,8
2015-10-01,2015,10,Jowar/Sorghum,1800.0,1809.2424242424242,1000.0,3829.0,165,105,8
2015-11-01,2015,11,Jowar/Sorghum,1500.0,1499.04,1100.0,2200.0,25,19,7
2015-12-01,2015,12,Jowar/Sorghum,1875.0,1995.5862944162436,600.0,4575.0,197,124,8
2016-01-01,2016,1,Jowar/Sorghum,1951.0,2095.657458563536,1250.0,5000.0,181,111,8
2016-02-01,2016,2,Jowar/Sorghum,1900.0,2100.8533834586465,1200.0,8340.0,133,101,9
2016-03-01,2016,3,Jowar/Sorghum,1967.5,2034.9556962025317,1200.0,4990.0,158,100,8
2016-04-01,2016,4,Jowar/Sorghum,1990.0,2082.6532258064517,950.0,4080.0,124,84,8
2016-05-01,2016,5,Jowar/Sorghum,2051.0,1985.764705882353,1400.0,3150.0,17,17,6
2016-06-01,2016,6,Jowar/Sorghum,1955.5,2032.411214953271,600.0,5212.0,214,129,7
2016-07-01,2016,7,Jowar/Sorghum,1900.0,2007.1113989637306,1019.0,5591.0,193,119,5
2016-08-01,2016,8,Jowar/Sorghum,1875.0,1938.9256756756756,950.0,3500.0,148,97,7
2016-09-01,2016,9,Jowar/Sorghum,1800.0,1871.9561403508771,1330.0,3300.0,114,88,8
2016-10-01,2016,10,Jowar/Sorghum,1750.0,1769.1194690265486,1020.0,3170.0,113,80,6
2016-11-01,2016,11,Jowar/Sorghum,1650.5,1687.5569620253164,1000.0,3450.0,158,130,7
2016-12-01,2016,12,Jowar/Sorghum,1800.0,1862.444866920152,1000.0,3550.0,263,153,7
2017-01-01,2017,1,Jowar/Sorghum,1630.0,1777.2857142857142,1050.0,3200.0,35,22,5
2017-02-01,2017,2,Jowar/Sorghum,2000.0,1993.4578544061303,1100.0,4000.0,261,157,9
2017-03-01,2017,3,Jowar/Sorghum,1901.0,1898.4301886792452,1100.0,4300.0,265,163,9
2017-04-01,2017,4,Jowar/Sorghum,1838.0,1862.5853658536585,1150.0,3350.0,164,110,7
2017-05-01,2017,5,Jowar/Sorghum,1775.0,1842.781512605042,1175.0,4469.0,119,97,8
2017-06-01,2017,6,Jowar/Sorghum,1790.0,1858.0526315789473,1150.0,4750.0,171,106,7
2017-07-01,2017,7,Jowar/Sorghum,1700.0,1785.4275862068966,1125.0,3050.0,145,86,8
2017-08-01,2017,8,Jowar/Sorghum,1751.0,1918.2055214723925,950.0,4500.0,163,111,8
2017-09-01,2017,9,Jowar/Sorghum,1750.0,1859.4549763033176,1100.0,3903.0,211,121,8
2017-10-01,2017,10,Jowar/Sorghum,1430.5,1534.0,1050.0,2600.0,26,20,6
2017-11-01,2017,11,Jowar/Sorghum,1590.0,1588.4532520325204,600.0,3650.0,246,146,9
2017-12-01,2017,12,Jowar/Sorghum,1650.0,1679.433962264151,900.0,3200.0,212,141,8
2018-01-01,2018,1,Jowar/Sorghum,1600.0,1699.9380341880342,873.0,3735.0,234,137,8
2018-02-01,2018,2,Jowar/Sorghum,1600.0,1795.3963133640552,925.0,4305.0,217,139,9
2018-03-01,2018,3,Jowar/Sorghum,1650.0,1836.7861635220127,914.0,7100.0,159,107,8
2018-04-01,2018,4,Jowar/Sorghum,1850.0,1772.12,950.0,2650.0,25,18,5
2018-05-01,2018,5,Jowar/Sorghum,1700.0,1771.9911504424779,800.0,4253.0,113,89,8
2018-06-01,2018,6,Jowar/Sorghum,1647.0,1871.5218579234972,900.0,3602.0,183,120,8
2018-07-01,2018,7,Jowar/Sorghum,1650.0,1729.8947368421052,900.0,3100.0,19,13,3
2018-08-01,2018,8,Jowar/Sorghum,1800.0,1984.560975609756,950.0,4000.0,164,106,8
2018-09-01,2018,9,Jowar/Sorghum,1716.5,2035.8163265306123,1000.0,9000.0,98,74,8
2018-10-01,2018,10,Jowar/Sorghum,1881.0,1988.14,1000.0,3500.0,150,105,9
2018-11-01,2018,11,Jowar/Sorghum,2200.0,2331.6548672566373,1100.0,4100.0,113,85,7
2018-12-01,2018,12,Jowar/Sorghum,2300.5,2445.9504950495048,1000.0,4600.0,202,123,8
2019-01-01,2019,1,Jowar/Sorghum,2175.0,2374.158653846154,1115.0,4680.0,208,128,8
2019-02-01,2019,2,Jowar/Sorghum,2300.0,2401.099526066351,1000.0,4502.0,211,130,9
2019-03-01,2019,3,Jowar/Sorghum,2400.0,2456.230769230769,588.0,4665.0,195,117,11
2019-04-01,2019,4,Jowar/Sorghum,2474.0,2499.0564102564103,1176.0,4600.0,195,121,9
2019-05-01,2019,5,Jowar/Sorghum,2450.0,2468.048,1000.0,4487.0,125,102,8
2019-06-01,2019,6,Jowar/Sorghum,2501.0,2535.960606060606,596.0,5105.0,165,107,8
2019-07-01,2019,7,Jowar/Sorghum,2727.5,2769.9367816091954,1301.0,5355.0,174,110,8
2019-08-01,2019,8,Jowar/Sorghum,2800.0,2898.9752066115702,1650.0,5852.0,121,85,10
2019-09-01,2019,9,Jowar/Sorghum,2300.0,2360.3571428571427,1201.0,4000.0,28,20,6
2019-10-01,2019,10,Jowar/Sorghum,2590.0,2574.641666666667,1109.0,4600.0,120,90,8
2019-11-01,2019,11,Jowar/Sorghum,2022.5,2246.3473684210526,800.0,4600.0,190,124,8
2019-12-01,2019,12,Jowar/Sorghum,2200.0,2323.921568627451,1230.0,5500.0,51,32,7
2020-01-01,2020,1,Jowar/Sorghum,2362.5,2572.244845360825,285.5,5450.0,194,124,7
2020-02-01,2020,2,Jowar/Sorghum,2487.5,2590.85,1230.0,5460.0,160,100,7
2020-03-01,2020,3,Jowar/Sorghum,2300.0,2306.551724137931,1200.0,3950.0,29,19,6
2020-04-01,2020,4,Jowar/Sorghum,2550.0,2714.037037037037,1150.0,4800.0,27,24,3
2020-05-01,2020,5,Jowar/Sorghum,2512.5,2408.09375,830.0,4755.0,96,83,5
2020-06-01,2020,6,Jowar/Sorghum,2439.5,2441.7608695652175,850.0,6125.0,184,114,7
2020-07-01,2020,7,Jowar/Sorghum,2500.0,2520.3992805755397,950.0,5237.0,139,103,7
2020-08-01,2020,8,Jowar/Sorghum,2258.0,2473.9285714285716,900.0,5130.0,56,46,5
2020-09-01,2020,9,Jowar/Sorghum,1850.0,1987.009900990099,800.0,4550.0,101,79,6
2020-10-01,2020,10,Jowar/Sorghum,1741.0,1915.407643312102,800.0,4750.0,157,98,7
2020-11-01,2020,11,Jowar/Sorghum,1900.0,1994.7619047619048,1050.0,3000.0,21,16,7
2020-12-01,2020,12,Jowar/Sorghum,1830.0,1972.4,1000.0,4850.0,115,101,8
2021-01-01,2021,1,Jowar/Sorghum,1969.5,2088.945205479452,751.0,5000.0,146,108,8
2021-02-01,2021,2,Jowar/Sorghum,1750.0,1999.3522727272727,800.0,4975.0,176,118,7
2021-03-01,2021,3,Jowar/Sorghum,2000.0,2118.185792349727,850.0,4900.0,183,124,8
2021-04-01,2021,4,Jowar/Sorghum,2114.0,2297.126050420168,900.0,5001.0,119,82,8
2021-05-01,2021,5,Jowar/Sorghum,1750.0,1795.1315789473683,1000.0,3600.0,38,33,5
2021-06-01,2021,6,Jowar/Sorghum,1818.0,2010.8689024390244,900.0,4800.0,164,113,7
2021-07-01,2021,7,Jowar/Sorghum,1800.0,2043.6013986013986,1075.0,4650.0,143,103,7
2021-08-01,2021,8,Jowar/Sorghum,1530.0,1690.3333333333333,1200.0,2450.0,15,12,5
2021-09-01,2021,9,Jowar/Sorghum,1520.0,1755.3652694610778,550.0,4200.0,167,114,8
2021-10-01,2021,10,Jowar/Sorghum,1475.0,1667.6521739130435,1000.0,4050.0,161,104,7
2021-11-01,2021,11,Jowar/Sorghum,1425.0,1601.7310344827586,900.0,4300.0,145,100,7
2021-12-01,2021,12,Jowar/Sorghum,1620.0,1795.7354497354497,160.5,4500.0,189,131,8
2022-01-01,2022,1,Jowar/Sorghum,1725.0,1928.6540880503144,1075.0,6905.0,159,111,7
2022-02-01,2022,2,Jowar/Sorghum,1872.5,2050.411931818182,785.0,4250.0,176,126,9
2022-03-01,2022,3,Jowar/Sorghum,2065.0,2196.6296296296296,1200.0,4400.0,108,93,9
2022-04-01,2022,4,Jowar/Sorghum,2200.0,2300.2763157894738,1400.0,4900.0,114,91,10
2022-05-01,2022,5,Jowar/Sorghum,1800.0,1829.2105263157894,834.0,2470.0,19,15,5
2022-06-01,2022,6,Jowar/Sorghum,2089.0,2312.675287356322,1200.0,6001.0,174,116,9
2022-07-01,2022,7,Jowar/Sorghum,2261.0,2500.093984962406,1451.0,4630.0,133,100,9
2022-08-01,2022,8,Jowar/Sorghum,2412.5,2496.4276315789475,1220.0,4300.0,152,107,9
2022-09-01,2022,9,Jowar/Sorghum,2400.0,2533.9074074074074,1411.0,4450.0,108,77,10
2022-10-01,2022,10,Jowar/Sorghum,2447.0,2507.578431372549,1450.0,4500.0,102,74,8
2022-11-01,2022,11,Jowar/Sorghum,2800.0,2766.391666666667,1410.0,6025.0,120,90,8
2022-12-01,2022,12,Jowar/Sorghum,3000.0,3113.317073170732,1739.0,6041.0,123,86,7
2023-01-01,2023,1,Jowar/Sorghum,2860.0,3042.9545454545455,1500.0,5500.0,22,14,7
2023-02-01,2023,2,Jowar/Sorghum,3246.5,3446.907894736842,1250.0,6891.0,152,98,9
2023-03-01,2023,3,Jowar/Sorghum,3488.5,3648.235294117647,1600.0,9000.0,136,95,8
2023-04-01,2023,4,Jowar/Sorghum,3300.0,3445.1565217391303,1300.0,8000.0,115,77,8
2023-05-01,2023,5,Jowar/Sorghum,3200.0,3264.9736842105262,1665.0,5250.0,114,91,8
2023-06-01,2023,6,Jowar/Sorghum,3251.0,3247.672093023256,1375.0,6000.0,215,134,9
2023-07-01,2023,7,Jowar/Sorghum,3600.0,3653.367469879518,1500.0,5611.0,166,103,9
2023-08-01,2023,8,Jowar/Sorghum,3600.0,3630.1895424836603,1681.0,6062.0,153,94,9
2023-09-01,2023,9,Jowar/Sorghum,3669.5,3680.364406779661,2112.0,5900.0,118,82,7
2023-10-01,2023,10,Jowar/Sorghum,3950.0,3593.0714285714284,2400.0,4500.0,14,9,4
2023-11-01,2023,11,Jowar/Sorghum,3350.0,3629.054054054054,1500.0,6390.0,148,100,9
2023-12-01,2023,12,Jowar/Sorghum,4200.0,4089.4313725490197,1700.0,7000.0,153,104,8
2024-01-01,2024,1,Jowar/Sorghum,3566.5,3629.5072463768115,1995.0,6150.0,138,81,7
2024-02-01,2024,2,Jowar/Sorghum,3300.0,3343.4,1800.0,5700.0,130,89,6
2024-03-01,2024,3,Jowar/Sorghum,2875.0,3040.2155172413795,1600.0,5440.0,116,102,8
2024-04-01,2024,4,Jowar/Sorghum,2865.0,2964.377358490566,1810.0,4515.0,106,83,8
2024-05-01,2024,5,Jowar/Sorghum,2700.0,2738.939655172414,1744.0,5050.0,116,87,9
2024-06-01,2024,6,Jowar/Sorghum,2737.5,2928.6930693069307,1750.0,5200.0,202,129,6
2024-07-01,2024,7,Jowar/Sorghum,2540.0,2921.1428571428573,1600.0,5200.0,231,144,7
2024-08-01,2024,8,Jowar/Sorghum,2425.0,2782.507281553398,1600.0,5300.0,206,129,7
2024-09-01,2024,9,Jowar/Sorghum,2305.5,2548.285714285714,1950.0,3750.0,14,11,3
2024-10-01,2024,10,Jowar/Sorghum,2387.5,2742.7042253521126,1762.0,5400.0,142,111,7
2024-11-01,2024,11,Jowar/Sorghum,2300.5,2534.6153846153848,1700.0,4700.0,130,120,7
2024-12-01,2024,12,Jowar/Sorghum,2500.0,2700.0,1800.0,4500.0,19,16,5
2025-01-01,2025,1,Jowar/Sorghum,2300.0,2740.422360248447,1725.0,6000.0,161,114,7
2025-02-01,2025,2,Jowar/Sorghum,2440.0,2953.1633986928105,1750.0,5800.0,153,104,8
2025-03-01,2025,3,Jowar/Sorghum,2400.0,2782.456790123457,1686.0,5207.0,162,101,9
2025-04-01,2025,4,Jowar/Sorghum,2700.0,2872.8364779874214,1711.0,5955.0,159,105,9
2025-05-01,2025,5,Jowar/Sorghum,2525.0,2777.4690265486724,1700.0,5300.0,113,98,9
2025-06-01,2025,6,Jowar/Sorghum,3200.0,2963.5,1991.0,4200.0,16,14,5
2025-07-01,2025,7,Jowar/Sorghum,2500.0,2841.144578313253,1700.0,6617.0,166,108,8
2025-08-01,2025,8,Jowar/Sorghum,2512.0,2837.132716049383,1700.0,6047.0,162,107,6
2025-09-01,2025,9,Jowar/Sorghum,2500.0,2750.26618705036,1767.0,5100.0,139,97,9
2025-10-01,2025,10,Jowar/Sorghum,2400.0,2647.3609022556393,1700.0,5000.0,133,93,7
2025-11-01,2025,11,Jowar/Sorghum,2790.5,2973.946808510638,1712.0,5050.0,94,67,6
2025-12-01,2025,12,Jowar/Sorghum,3100.0,3317.076923076923,1850.0,6001.0,130,88,9
2015-01-01,2015,1,Lentil,5376.0,5998.457142857143,4300.0,8200.0,35,34,8
2015-02-01,2015,2,Lentil,5340.0,6056.764705882353,4000.0,9000.0,17,16,5
2015-03-01,2015,3,Lentil,4750.0,5438.758620689655,450.0,9000.0,29,28,6
2015-04-01,2015,4,Lentil,4863.0,5690.376811594203,3801.0,9600.0,69,65,9
2015-05-01,2015,5,Lentil,5600.0,5601.298507462687,590.0,9000.0,67,67,7
2015-06-01,2015,6,Lentil,6099.0,6468.16,3200.0,11500.0,75,72,9
2015-07-01,2015,7,Lentil,5900.0,6613.328571428571,4050.0,11500.0,70,69,9
2015-08-01,2015,8,Lentil,6300.0,6637.459016393443,3200.0,10400.0,61,60,9
2015-09-01,2015,9,Lentil,6640.0,6926.163636363636,3500.0,10250.0,55,53,9
2015-10-01,2015,10,Lentil,6787.5,7492.288461538462,5100.0,11600.0,52,50,10
2015-11-01,2015,11,Lentil,6950.0,7290.909090909091,5300.0,10300.0,22,22,5
2015-12-01,2015,12,Lentil,6000.0,6962.873417721519,3100.0,12500.0,79,78,10
2016-01-01,2016,1,Lentil,7025.0,7291.913793103448,4200.0,12500.0,58,56,8
2016-02-01,2016,2,Lentil,6375.0,6643.096774193548,2311.0,12500.0,62,61,9
2016-03-01,2016,3,Lentil,4500.0,5878.890243902439,2700.0,12500.0,82,81,8
2016-04-01,2016,4,Lentil,5300.0,6336.915492957746,3550.0,11500.0,71,70,8
2016-05-01,2016,5,Lentil,5720.0,6930.51282051282,4500.0,10200.0,39,38,5
2016-06-01,2016,6,Lentil,5300.0,6244.544715447155,3400.0,11500.0,123,121,10
2016-07-01,2016,7,Lentil,5855.0,6685.2040816326535,3500.0,11500.0,98,97,8
2016-08-01,2016,8,Lentil,5650.0,6850.8,3780.0,12500.0,75,74,9
2016-10-01,2016,10,Lentil,6000.0,6537.459459459459,4500.0,12000.0,37,36,7
2016-11-01,2016,11,Lentil,5050.0,6049.447058823529,4140.0,11500.0,85,84,8
2015-01-01,2015,1,Maize,1250.0,1238.260975609756,850.0,3500.0,410,262,15
2015-02-01,2015,2,Maize,1300.0,1246.08,700.0,1600.0,125,81,14
2015-03-01,2015,3,Maize,1300.0,1261.834862385321,853.0,3250.0,109,73,10
2015-04-01,2015,4,Maize,1300.0,1303.498480243161,825.0,4200.0,329,242,16
2015-05-01,2015,5,Maize,1310.0,1280.2627986348123,870.0,1655.0,293,204,14
2015-06-01,2015,6,Maize,1272.0,1256.9624060150377,850.0,1800.0,399,257,17
2015-07-01,2015,7,Maize,1275.0,1252.6802030456852,750.0,5400.0,394,257,18
2015-08-01,2015,8,Maize,1300.0,1277.3101045296166,550.0,1600.0,287,185,19
2015-09-01,2015,9,Maize,1393.0,1378.6697247706422,600.0,2400.0,327,207,17
2015-10-01,2015,10,Maize,1359.0,1369.7850678733032,800.0,4100.0,442,288,18
2015-11-01,2015,11,Maize,1325.0,1329.683908045977,1000.0,1550.0,174,110,14
2015-12-01,2015,12,Maize,1424.5,1426.251811594203,800.0,1850.0,552,350,17
2016-01-01,2016,1,Maize,1440.0,1441.2648305084747,950.0,3700.0,472,306,17
2016-02-01,2016,2,Maize,1429.5,1437.5684210526315,900.0,2050.0,380,272,15
2016-03-01,2016,3,Maize,1400.0,1441.4729344729344,950.0,4009.0,351,243,18
2016-04-01,2016,4,Maize,1400.0,1418.7610619469026,800.0,1850.0,226,181,15
2016-05-01,2016,5,Maize,1375.0,1391.2924528301887,1100.0,1720.0,106,74,12
2016-06-01,2016,6,Maize,1461.0,1489.496143958869,800.0,3800.0,389,253,16
2016-07-01,2016,7,Maize,1600.0,1583.2944785276075,1000.0,2588.0,326,227,18
2016-08-01,2016,8,Maize,1611.0,1616.0790378006873,1000.0,3600.0,291,199,17
2016-09-01,2016,9,Maize,1595.0,1581.3333333333333,750.0,3100.0,279,189,18
2016-10-01,2016,10,Maize,1450.0,1482.9642857142858,800.0,3350.0,252,190,13
2016-11-01,2016,11,Maize,1364.0,1347.6528735632185,800.0,3512.0,435,353,16
2016-12-01,2016,12,Maize,1365.0,1371.038990825688,1000.0,4714.0,654,392,16
2017-01-01,2017,1,Maize,1365.5,1367.73417721519,1100.0,2100.0,158,104,15
2017-02-01,2017,2,Maize,1395.0,1422.1933701657458,1000.0,3946.0,543,334,17
2017-03-01,2017,3,Maize,1385.0,1409.1429924242425,550.0,3800.0,528,330,18
2017-04-01,2017,4,Maize,1380.0,1394.3211920529802,1103.0,2300.0,302,221,14
2017-05-01,2017,5,Maize,1380.0,1416.023622047244,573.0,2524.0,381,281,16
2017-06-01,2017,6,Maize,1369.5,1387.8397435897436,125.5,2900.0,390,258,16
2017-07-01,2017,7,Maize,1350.0,1324.4919093851133,350.0,2300.0,309,224,16
2017-08-01,2017,8,Maize,1391.0,1375.0299727520437,126.0,4300.0,367,248,16
2017-09-01,2017,9,Maize,1350.0,1361.5990783410139,880.0,4600.0,434,279,19
2017-10-01,2017,10,Maize,1206.0,1249.0719178082193,867.0,1625.0,146,97,15
2017-11-01,2017,11,Maize,1149.0,1188.8148148148148,30.0,3001.0,675,421,16
2017-12-01,2017,12,Maize,1160.0,1199.2605304212168,870.0,2852.0,641,410,18
2018-01-01,2018,1,Maize,1160.5,1210.7918088737201,850.0,2425.0,586,367,16
2018-02-01,2018,2,Maize,1160.0,1231.4461805555557,120.0,12092.0,576,365,16
2018-03-01,2018,3,Maize,1160.0,1214.390519187359,850.0,2894.0,443,301,16
2018-04-01,2018,4,Maize,1195.0,1232.867256637168,750.0,2932.0,113,78,8
2018-05-01,2018,5,Maize,1200.0,1242.377094972067,750.0,2300.0,358,261,13
2018-06-01,2018,6,Maize,1270.0,1278.8050847457628,800.0,2500.0,413,278,17
2018-07-01,2018,7,Maize,1177.5,1222.642857142857,950.0,1700.0,112,78,12
2018-08-01,2018,8,Maize,1300.0,1347.0842391304348,700.0,6300.0,368,244,17
2018-09-01,2018,9,Maize,1313.5,1324.2245762711864,600.0,3950.0,236,159,13
2018-10-01,2018,10,Maize,1357.0,1373.3777239709443,850.0,3308.0,413,287,17
2018-11-01,2018,11,Maize,1357.5,1377.7116788321168,1010.0,2950.0,274,232,11
2018-12-01,2018,12,Maize,1496.0,1498.1991434689508,1000.0,3250.0,467,326,14
2019-01-01,2019,1,Maize,1625.0,1623.051948051948,160.0,3500.0,539,336,16
2019-02-01,2019,2,Maize,1850.0,1824.8715176715175,195.0,3500.0,481,311,16
2019-03-01,2019,3,Maize,1850.0,1829.4014084507041,191.0,2700.0,426,274,15
2019-04-01,2019,4,Maize,1950.0,1923.8598382749326,205.0,6750.0,371,258,14
2019-05-01,2019,5,Maize,1900.0,1894.9780564263324,170.0,3300.0,319,234,14
2019-06-01,2019,6,Maize,1900.0,1908.79797979798,185.0,2700.0,297,205,15
2019-07-01,2019,7,Maize,1905.0,1935.0603825136611,191.1,4455.0,366,227,18
2019-08-01,2019,8,Maize,1980.0,2024.2676056338028,400.0,6000.0,284,186,16
2019-09-01,2019,9,Maize,1850.0,1814.2616822429907,250.0,3500.0,107,67,11
2019-10-01,2019,10,Maize,1925.0,1923.976833976834,230.0,3450.0,259,191,15
2019-11-01,2019,11,Maize,1750.0,1729.0495238095239,184.0,3750.0,525,349,15
2019-12-01,2019,12,Maize,1785.0,1780.0828402366865,1300.0,3348.0,169,114,12
2020-01-01,2020,1,Maize,1871.0,1885.4988764044945,850.0,5140.0,445,296,10
2020-02-01,2020,2,Maize,1790.0,1784.7326007326008,1200.0,2600.0,273,187,10
2020-03-01,2020,3,Maize,1630.0,1671.8219178082193,1300.0,2200.0,73,52,9
2020-04-01,2020,4,Maize,1536.0,1589.017543859649,1000.0,2500.0,114,87,7
2020-05-01,2020,5,Maize,1367.5,1460.9815789473685,840.0,3130.0,190,158,9
2020-06-01,2020,6,Maize,1250.0,1354.8176795580112,850.0,4150.0,362,236,13
2020-07-01,2020,7,Maize,1300.0,1337.2857142857142,500.0,2300.0,287,201,13
2020-08-01,2020,8,Maize,1249.0,1328.8028169014085,950.0,2010.0,71,55,7
2020-09-01,2020,9,Maize,1200.0,1254.795918367347,610.0,3785.0,245,180,11
2020-10-01,2020,10,Maize,1201.0,1250.4381625441697,800.0,2100.0,283,195,12
2020-11-01,2020,11,Maize,1360.0,1374.2337662337663,900.0,1900.0,77,51,9
2020-12-01,2020,12,Maize,1351.0,1437.2283737024222,971.0,3900.0,289,223,11
2021-01-01,2021,1,Maize,1301.5,1422.8313609467455,970.0,4600.0,338,254,11
2021-02-01,2021,2,Maize,1289.0,1349.9212598425197,950.0,6000.0,381,267,12
2021-03-01,2021,3,Maize,1357.5,1420.6735294117648,345.0,6950.0,340,244,11
2021-04-01,2021,4,Maize,1385.0,1443.995670995671,900.0,4500.0,231,178,11
2021-05-01,2021,5,Maize,1470.0,1491.1186440677966,1150.0,1900.0,59,51,10
2021-06-01,2021,6,Maize,1500.0,1508.8649789029537,750.0,2200.0,237,171,12
2021-07-01,2021,7,Maize,1625.0,1632.515748031496,500.0,2100.0,254,183,13
2021-08-01,2021,8,Maize,1650.0,1653.2826086956522,1310.0,2100.0,46,32,7
2021-09-01,2021,9,Maize,1700.0,1714.358024691358,1001.0,3700.0,243,179,11
2021-10-01,2021,10,Maize,1630.0,1597.342019543974,701.0,3600.0,307,221,12
2021-11-01,2021,11,Maize,1500.0,1547.2153110047848,1060.0,3800.0,418,302,12
2021-12-01,2021,12,Maize,1585.0,1611.2473572938688,900.0,2453.0,473,320,12
2022-01-01,2022,1,Maize,1628.0,1645.8475073313782,150.0,2850.0,341,233,11
2022-02-01,2022,2,Maize,1820.0,1825.1146341463414,150.0,6200.0,410,266,12
2022-03-01,2022,3,Maize,1910.0,1934.7455830388692,210.0,3300.0,283,225,14
2022-04-01,2022,4,Maize,2000.0,2002.6971608832807,220.0,2800.0,317,236,12
2022-05-01,2022,5,Maize,1950.0,1948.6875,1401.0,2410.0,80,57,9
2022-06-01,2022,6,Maize,2000.0,2000.8933333333334,200.0,4225.0,375,254,14
2022-07-01,2022,7,Maize,2022.5,2051.3507462686566,210.0,2588.0,268,195,15
2022-08-01,2022,8,Maize,2100.0,2138.3260188087775,190.0,7000.0,319,213,14
2022-09-01,2022,9,Maize,2200.0,2168.7083333333335,220.0,3425.0,288,181,15
2022-10-01,2022,10,Maize,2000.0,1989.3271375464683,1300.0,4500.0,269,182,11
2022-11-01,2022,11,Maize,1962.0,1940.0960698689955,1400.0,3400.0,458,320,13
2022-12-01,2022,12,Maize,2030.0,2068.4215328467153,190.0,3400.0,548,341,12
2023-01-01,2023,1,Maize,2025.0,2063.446808510638,1400.0,2700.0,141,92,11
2023-02-01,2023,2,Maize,2091.5,2113.8449781659388,213.0,7502.0,458,289,13
2023-03-01,2023,3,Maize,2060.0,2095.7152542372883,1400.0,6050.0,295,232,13
2023-04-01,2023,4,Maize,2050.0,2082.1166077738517,1350.0,3200.0,283,195,11
2023-05-01,2023,5,Maize,1899.0,1908.9283489096574,180.0,3252.0,321,234,11
2023-06-01,2023,6,Maize,1800.0,1849.931221719457,168.6,3500.0,442,277,15
2023-07-01,2023,7,Maize,1950.0,1934.305280528053,177.5,6250.0,303,203,14
2023-08-01,2023,8,Maize,2000.0,2052.7055851063833,190.0,10400.0,376,242,17
2023-09-01,2023,9,Maize,2000.0,2057.583870967742,180.0,9000.0,310,197,15
2023-10-01,2023,10,Maize,1955.0,1925.705357142857,1400.0,2475.0,112,79,8
2023-11-01,2023,11,Maize,2050.0,2056.236795774648,195.0,4600.0,568,372,14
2023-12-01,2023,12,Maize,2090.0,2094.9872495446266,200.0,5201.0,549,353,12
2024-01-01,2024,1,Maize,2100.0,2112.46408839779,1570.0,3400.0,362,233,12
2024-02-01,2024,2,Maize,2150.0,2164.9401041666665,1500.0,3750.0,384,234,13
2024-03-01,2024,3,Maize,2176.0,2171.0247678018577,1500.0,3750.0,323,228,13
2024-04-01,2024,4,Maize,2130.0,2131.627388535032,1575.0,3750.0,314,214,12
2024-05-01,2024,5,Maize,2125.0,2137.692073170732,1780.0,2850.0,328,219,13
2024-06-01,2024,6,Maize,2160.0,2172.187311178248,1580.0,2850.0,331,219,13
2024-07-01,2024,7,Maize,2200.0,2243.3966346153848,1471.0,4000.0,416,274,15
2024-08-01,2024,8,Maize,2351.0,2442.7332535885166,1425.0,4000.0,418,253,16
2024-09-01,2024,9,Maize,2450.0,2591.04,1800.0,4000.0,150,93,9
2024-10-01,2024,10,Maize,2271.0,2250.4203935599285,1340.0,4200.0,559,330,12
2024-11-01,2024,11,Maize,2201.0,2254.5050335570468,1500.0,4000.0,596,401,13
2024-12-01,2024,12,Maize,2230.0,2334.5502645502647,1700.0,4000.0,189,149,10
2025-01-01,2025,1,Maize,2300.0,2384.189338235294,1401.0,4000.0,544,334,12
2025-02-01,2025,2,Maize,2289.0,2366.840670859539,1580.0,4000.0,477,287,11
2025-03-01,2025,3,Maize,2263.0,2361.56008583691,1505.0,4000.0,466,268,12
2025-04-01,2025,4,Maize,2200.0,2273.5763440860214,1400.0,4000.0,465,267,12
2025-05-01,2025,5,Maize,2120.0,2216.6255319148936,1400.0,4000.0,470,273,13
2025-06-01,2025,6,Maize,2100.0,2311.130801687764,1600.0,4000.0,237,132,10
2025-07-01,2025,7,Maize,2150.0,2240.820202020202,1300.0,4000.0,495,285,14
2025-08-01,2025,8,Maize,2195.0,2226.641242937853,1500.0,4000.0,354,240,12
2025-09-01,2025,9,Maize,2201.0,2273.4238095238097,1281.0,4000.0,420,245,15
2025-10-01,2025,10,Maize,2000.0,1997.1002570694088,1135.0,4000.0,389,279,11
2025-11-01,2025,11,Maize,1750.0,1903.774984076433,1120.0,4150.0,628,348,9
2025-12-01,2025,12,Maize,1635.0,1804.7068409343715,1200.0,4750.0,899,399,12
2015-01-01,2015,1,Onion,1730.0,1772.9876923076922,200.0,4825.0,975,540,22
2015-02-01,2015,2,Onion,1550.0,1591.202928870293,400.0,4000.0,478,286,20
2015-03-01,2015,3,Onion,1662.5,1696.3,400.0,4000.0,460,287,20
2015-04-01,2015,4,Onion,1469.0,1462.5570469798658,18.0,3000.0,894,527,23
2015-05-01,2015,5,Onion,1400.0,1452.456937799043,20.0,4800.0,836,517,25
2015-06-01,2015,6,Onion,1500.0,1669.0185950413222,24.0,5900.0,968,545,25
2015-07-01,2015,7,Onion,1750.0,1925.3403141361257,24.0,6725.0,955,550,25
2015-08-01,2015,8,Onion,2900.0,2930.084942084942,35.0,6000.0,777,468,25
2015-09-01,2015,9,Onion,4440.0,4323.522234891676,30.0,8000.0,877,492,25
2015-10-01,2015,10,Onion,3900.0,3784.439511653718,30.0,7000.0,901,491,25
2015-11-01,2015,11,Onion,2900.0,2891.375,24.0,6000.0,408,260,20
2015-12-01,2015,12,Onion,1900.0,2110.3469387755104,350.0,8000.0,931,511,25
2016-01-01,2016,1,Onion,1420.0,1601.9829157175398,350.0,5800.0,878,507,24
2016-02-01,2016,2,Onion,1300.0,1368.8002421307506,250.0,3700.0,826,500,21
2016-03-01,2016,3,Onion,1100.0,1173.9767711962834,275.0,4000.0,861,509,24
2016-04-01,2016,4,Onion,1000.0,1090.922514619883,175.0,6325.0,684,456,23
2016-05-01,2016,5,Onion,900.0,968.5260869565218,150.0,3800.0,460,299,21
2016-06-01,2016,6,Onion,815.0,1021.3009118541033,150.0,5000.0,987,552,24
2016-07-01,2016,7,Onion,900.0,1107.5039908779931,170.0,8000.0,877,510,24
2016-08-01,2016,8,Onion,1000.0,1165.7852112676057,7.0,4400.0,852,484,23
2016-09-01,2016,9,Onion,1000.0,1106.2896379525594,190.0,4000.0,801,484,25
2016-10-01,2016,10,Onion,817.5,960.3047337278107,125.0,3800.0,676,419,23
2016-11-01,2016,11,Onion,1000.0,1124.8397350993378,150.0,4500.0,755,463,25
2016-12-01,2016,12,Onion,1000.0,1152.8050239234449,150.0,6000.0,836,488,24
2017-01-01,2017,1,Onion,930.0,1012.2369020501139,250.0,3600.0,439,274,23
2017-02-01,2017,2,Onion,900.0,1018.6415981198589,81.0,4200.0,851,482,24
2017-03-01,2017,3,Onion,900.0,1055.1397515527951,175.0,5750.0,966,514,24
2017-04-01,2017,4,Onion,870.0,1053.1275773195875,10.0,8500.0,776,460,23
2017-05-01,2017,5,Onion,850.0,1013.6374045801526,150.0,9200.0,786,471,23
2017-06-01,2017,6,Onion,800.0,1211.4479905437352,100.0,11500.0,846,493,26
2017-07-01,2017,7,Onion,835.0,1186.760248447205,130.0,12627.0,805,504,23
2017-08-01,2017,8,Onion,1600.0,1809.1539215686275,250.0,12000.0,1020,584,25
2017-09-01,2017,9,Onion,2000.0,2101.5974155069584,140.0,10100.0,1006,571,25
2017-10-01,2017,10,Onion,1800.0,1900.7664783427495,250.0,8500.0,531,332,22
2017-11-01,2017,11,Onion,2750.0,2785.7911464245176,200.0,12000.0,881,528,26
2017-12-01,2017,12,Onion,3400.0,3460.9274809160306,170.0,12000.0,786,475,26
2018-01-01,2018,1,Onion,3200.0,3378.222222222222,400.0,10000.0,981,542,24
2018-02-01,2018,2,Onion,2600.0,2639.6441947565545,270.0,8000.0,1068,574,26
2018-03-01,2018,3,Onion,1800.0,1844.2230215827337,240.0,6500.0,973,560,26
2018-04-01,2018,4,Onion,1100.0,1206.385171790235,250.0,3200.0,553,326,21
2018-05-01,2018,5,Onion,950.0,1051.138364779874,120.0,4500.0,954,573,24
2018-06-01,2018,6,Onion,950.0,1095.0637880274778,12.0,4500.0,1019,586,25
2018-07-01,2018,7,Onion,1390.0,1408.3176691729323,400.0,6000.0,532,315,21
2018-08-01,2018,8,Onion,1500.0,1612.5583103764923,250.0,7820.0,1089,595,26
2018-09-01,2018,9,Onion,1350.0,1408.0785791173305,19.0,6200.0,929,535,24
2018-10-01,2018,10,Onion,1280.0,1373.2615992102665,300.0,6500.0,1013,598,23
2018-11-01,2018,11,Onion,1600.0,1695.6362416107384,300.0,5500.0,745,495,22
2018-12-01,2018,12,Onion,1160.0,1269.9275510204081,200.0,5200.0,980,569,23
2019-01-01,2019,1,Onion,950.0,1043.5734597156397,110.0,5275.0,1055,591,24
2019-02-01,2019,2,Onion,900.0,992.4067164179105,100.0,4825.0,1072,602,26
2019-03-01,2019,3,Onion,850.0,954.5560791705938,175.0,5300.0,1061,605,26
2019-04-01,2019,4,Onion,850.0,968.1242290748899,150.0,3800.0,1135,628,22
2019-05-01,2019,5,Onion,900.0,1039.5983772819473,150.0,5000.0,986,600,25
2019-06-01,2019,6,Onion,1000.0,1187.1004184100418,300.0,6000.0,956,576,22
2019-07-01,2019,7,Onion,1275.0,1491.0813636363637,300.0,7200.0,1100,612,21
2019-08-01,2019,8,Onion,1500.0,1644.2832369942196,200.0,6827.0,1038,603,24
2019-09-01,2019,9,Onion,2300.0,2356.7873651771956,500.0,6000.0,649,381,20
2019-10-01,2019,10,Onion,3600.0,3639.310304449649,700.0,7900.0,854,537,25
2019-11-01,2019,11,Onion,3800.0,3894.461625282167,650.0,8720.0,886,553,24
2019-12-01,2019,12,Onion,5000.0,5244.521126760564,800.0,12800.0,142,103,14
2020-01-01,2020,1,Onion,5350.0,5567.757343550447,600.0,15000.0,783,505,18
2020-02-01,2020,2,Onion,3138.5,3216.5955497382197,700.0,11100.0,764,484,19
2020-03-01,2020,3,Onion,2250.0,2281.6178861788617,650.0,8600.0,492,325,15
2020-04-01,2020,4,Onion,2000.0,2116.5785714285716,525.0,12000.0,700,461,17
2020-05-01,2020,5,Onion,1200.0,1335.1379310344828,300.0,6500.0,725,470,18
2020-06-01,2020,6,Onion,920.0,1154.6107921928817,100.0,5600.0,871,537,20
2020-07-01,2020,7,Onion,1200.0,1335.6654366543664,300.0,7900.0,813,507,19
2020-08-01,2020,8,Onion,1170.0,1313.9962756052141,400.0,7800.0,537,386,18
2020-09-01,2020,9,Onion,1555.0,1743.2135549872123,600.0,6800.0,782,515,20
2020-10-01,2020,10,Onion,3050.0,3205.016129032258,300.0,40000.0,806,492,20
2020-11-01,2020,11,Onion,4000.0,4453.0218818380745,1100.0,11250.0,457,294,18
2020-12-01,2020,12,Onion,3400.0,3613.938633193863,850.0,9600.0,717,469,20
2021-01-01,2021,1,Onion,2500.0,2683.27304964539,600.0,8625.0,846,535,20
2021-02-01,2021,2,Onion,2950.0,3149.8303571428573,750.0,12000.0,896,564,21
2021-03-01,2021,3,Onion,2800.0,2902.494404883011,525.0,11800.0,983,580,21
2021-04-01,2021,4,Onion,1450.0,1557.8011627906976,400.0,5800.0,860,559,21
2021-05-01,2021,5,Onion,1450.0,1609.411971830986,600.0,7300.0,568,401,21
2021-06-01,2021,6,Onion,1650.0,1887.6109865470853,350.0,7800.0,892,545,21
2021-07-01,2021,7,Onion,2090.0,2203.0272331154683,600.0,7800.0,918,562,21
2021-08-01,2021,8,Onion,2050.0,2118.217183770883,645.0,7800.0,419,276,18
2021-09-01,2021,9,Onion,1990.0,2016.0021574973032,400.0,7600.0,927,571,21
2021-10-01,2021,10,Onion,2350.0,2488.0695847362513,700.0,7600.0,891,552,19
2021-11-01,2021,11,Onion,2710.0,2830.6213364595546,900.0,6700.0,853,516,20
2021-12-01,2021,12,Onion,2100.0,2290.1027027027026,600.0,6000.0,925,554,21
2022-01-01,2022,1,Onion,2000.0,2293.035389282103,541.0,7800.0,989,579,21
2022-02-01,2022,2,Onion,2200.0,2502.9772151898733,500.0,45000.0,1185,668,25
2022-03-01,2022,3,Onion,2350.0,2353.2788038698327,500.0,7000.0,1137,667,23
2022-04-01,2022,4,Onion,1500.0,1624.1758708581137,355.0,32000.0,1177,678,23
2022-05-01,2022,5,Onion,1200.0,1299.6470588235295,300.0,4700.0,561,373,21
2022-06-01,2022,6,Onion,1200.0,1384.4877408056043,200.0,45000.0,1142,661,22
2022-07-01,2022,7,Onion,1400.0,1649.6558044806518,145.0,35000.0,982,616,21
2022-08-01,2022,8,Onion,1500.0,1588.710503089144,165.0,5200.0,1133,647,21
2022-09-01,2022,9,Onion,1470.0,1551.0103480714959,209.0,6800.0,1063,643,23
2022-10-01,2022,10,Onion,1450.0,1663.3655589123866,200.0,7800.0,993,600,22
2022-11-01,2022,11,Onion,2000.0,2230.5302491103203,520.0,9800.0,562,539,22
2022-12-01,2022,12,Onion,1620.0,2083.5009487666034,400.0,72000.0,527,496,23
2023-01-01,2023,1,Onion,1515.0,1812.41,500.0,11800.0,300,295,20
2023-02-01,2023,2,Onion,1600.0,1805.6813559322034,200.0,9140.0,590,558,23
2023-03-01,2023,3,Onion,1250.0,1361.0767918088736,200.0,9040.0,586,552,23
2023-04-01,2023,4,Onion,1230.0,1353.4295010845988,300.0,5800.0,461,435,21
2023-05-01,2023,5,Onion,1140.0,1244.0733197556008,200.0,5800.0,491,477,20
2023-06-01,2023,6,Onion,1140.0,1450.0294237288135,140.0,10600.0,590,560,23
2023-07-01,2023,7,Onion,1300.0,1673.1843667296787,300.0,12540.0,529,503,20
2023-08-01,2023,8,Onion,1550.0,1830.7351414309485,350.0,13000.0,601,578,23
2023-09-01,2023,9,Onion,2155.0,2352.334448160535,600.0,11500.0,598,574,24
2023-10-01,2023,10,Onion,2060.0,2332.10162601626,300.0,7400.0,246,238,17
2023-11-01,2023,11,Onion,4100.0,4421.550912621359,900.0,37240.0,515,494,22
2023-12-01,2023,12,Onion,3800.0,4056.3070866141734,900.0,25540.0,508,483,21
2024-01-01,2024,1,Onion,2000.0,2256.1544554455445,200.0,19840.0,505,473,19
2024-02-01,2024,2,Onion,1800.0,1896.7926829268292,100.0,14340.0,574,542,24
2024-03-01,2024,3,Onion,1765.0,1994.2063492063492,15.0,21000.0,567,533,25
2024-04-01,2024,4,Onion,1800.0,1999.409429280397,500.0,19540.0,403,381,19
2024-05-01,2024,5,Onion,1700.0,1829.79718875502,21.0,14700.0,498,474,22
2024-06-01,2024,6,Onion,1688.5,2003.0295864661655,320.0,16940.0,532,497,21
2024-07-01,2024,7,Onion,2700.0,2657.798543833581,30.0,26040.0,673,635,24
2024-08-01,2024,8,Onion,3200.0,3415.0709622886866,350.0,22840.0,769,735,24
2024-09-01,2024,9,Onion,4200.0,4391.015317286652,900.0,7000.0,457,453,21
2024-10-01,2024,10,Onion,4500.0,4643.749079497908,250.0,31040.0,717,687,24
2024-11-01,2024,11,Onion,4800.0,4944.555147058823,1200.0,33040.0,544,524,21
2024-12-01,2024,12,Onion,3900.0,3992.075,1445.0,8000.0,240,236,19
2025-01-01,2025,1,Onion,2800.0,3272.1191335740073,300.0,8000.0,554,536,18
2025-02-01,2025,2,Onion,2500.0,3055.8383977900553,300.0,52040.0,724,672,22
2025-03-01,2025,3,Onion,2680.0,3078.8964613368285,600.0,52040.0,763,685,23
2025-04-01,2025,4,Onion,2100.0,2377.1106382978724,600.0,40040.0,705,647,21
2025-05-01,2025,5,Onion,1550.0,1860.63309352518,150.0,6400.0,695,630,21
2025-06-01,2025,6,Onion,1500.0,1963.064128256513,150.0,7800.0,499,467,19
2025-07-01,2025,7,Onion,1650.0,2065.041266318538,100.0,9000.0,766,688,23
2025-08-01,2025,8,Onion,1700.0,1982.632333767927,300.0,7000.0,767,710,24
2025-09-01,2025,9,Onion,1800.0,2029.170160295931,200.0,7800.0,811,729,23
2025-10-01,2025,10,Onion,1500.0,1698.4475,271.0,6000.0,400,366,20
2025-11-01,2025,11,Onion,1600.0,1967.4123847167325,100.0,7700.0,759,689,21
2025-12-01,2025,12,Onion,1600.0,1964.9036334913112,200.0,7600.0,633,593,22
2015-01-01,2015,1,Potato,800.0,1063.4915611814347,65.0,4000.0,474,461,21
2015-02-01,2015,2,Potato,625.0,749.6376811594203,313.0,3000.0,276,274,21
2015-03-01,2015,3,Potato,570.0,658.0992217898832,200.0,3000.0,257,256,21
2015-04-01,2015,4,Potato,550.0,674.1907894736842,120.0,3000.0,456,445,24
2015-05-01,2015,5,Potato,500.0,568.141689373297,16.0,2950.0,367,364,22
2015-06-01,2015,6,Potato,600.0,724.075055187638,30.0,3200.0,453,442,24
2015-07-01,2015,7,Potato,685.0,812.1890756302521,13.0,3000.0,476,470,26
2015-08-01,2015,8,Potato,722.5,882.3398058252427,14.0,3500.0,412,404,23
2015-09-01,2015,9,Potato,700.0,844.7752808988764,14.0,3000.0,445,438,27
2015-10-01,2015,10,Potato,700.0,875.8063063063063,100.0,3500.0,444,437,26
2015-11-01,2015,11,Potato,800.0,842.8365758754863,16.0,3000.0,257,257,21
2015-12-01,2015,12,Potato,860.0,995.5177777777777,190.0,4000.0,450,446,26
2016-01-01,2016,1,Potato,700.0,854.7053571428571,250.0,3728.0,448,441,25
2016-02-01,2016,2,Potato,600.0,747.8112244897959,175.0,3000.0,392,384,21
2016-03-01,2016,3,Potato,800.0,895.2552631578948,250.0,5850.0,380,366,25
2016-04-01,2016,4,Potato,925.0,1035.1666666666667,225.0,6500.0,378,370,26
2016-05-01,2016,5,Potato,1025.0,1128.2088888888889,250.0,2800.0,225,225,21
2016-06-01,2016,6,Potato,1285.0,1375.4797441364606,120.0,5750.0,469,461,25
2016-07-01,2016,7,Potato,1400.0,1471.9617117117118,95.0,6600.0,444,437,26
2016-08-01,2016,8,Potato,1600.0,1613.2875,22.0,3800.0,400,395,25
2016-09-01,2016,9,Potato,1500.0,1529.0183908045976,120.0,4400.0,435,428,23
2016-10-01,2016,10,Potato,1350.0,1407.913486005089,300.0,3500.0,393,382,24
2016-11-01,2016,11,Potato,1330.0,1434.0462427745665,400.0,4300.0,346,339,24
2016-12-01,2016,12,Potato,850.0,1108.8062360801782,140.0,5500.0,449,440,24
2017-01-01,2017,1,Potato,525.0,631.1464435146444,200.0,3000.0,239,238,22
2017-02-01,2017,2,Potato,500.0,698.8863109048724,150.0,3500.0,431,419,24
2017-03-01,2017,3,Potato,450.0,652.5350318471337,120.0,4300.0,471,460,24
2017-04-01,2017,4,Potato,460.0,649.8689320388349,100.0,4300.0,412,404,24
2017-05-01,2017,5,Potato,500.0,618.1102150537635,110.0,3400.0,372,368,20
2017-06-01,2017,6,Potato,590.0,784.6818181818181,70.0,4200.0,418,408,26
2017-07-01,2017,7,Potato,600.0,763.2452830188679,210.0,3000.0,424,415,23
2017-08-01,2017,8,Potato,600.0,740.8371212121212,10.0,3200.0,528,518,24
2017-09-01,2017,9,Potato,600.0,700.92,90.0,3000.0,525,516,24
2017-10-01,2017,10,Potato,520.0,607.4929577464789,150.0,3000.0,284,280,19
2017-11-01,2017,11,Potato,550.0,662.1521739130435,100.0,3500.0,460,448,25
2017-12-01,2017,12,Potato,600.0,776.4297029702971,80.0,4000.0,505,490,27
2018-01-01,2018,1,Potato,500.0,689.1158301158301,100.0,5000.0,518,506,22
2018-02-01,2018,2,Potato,500.0,686.1623488773748,140.0,4000.0,579,560,26
2018-03-01,2018,3,Potato,600.0,740.2484210526316,5.0,7000.0,475,460,23
2018-04-01,2018,4,Potato,800.0,827.0305810397554,9.0,2300.0,327,318,20
2018-05-01,2018,5,Potato,1000.0,1042.2733333333333,300.0,2900.0,450,443,24
2018-06-01,2018,6,Potato,1250.0,1308.6112185686654,300.0,3600.0,517,499,24
2018-07-01,2018,7,Potato,1350.0,1330.1056603773584,423.0,3200.0,265,257,17
2018-08-01,2018,8,Potato,1310.0,1394.289667896679,362.0,5010.0,542,524,24
2018-09-01,2018,9,Potato,1300.0,1342.2658349328215,17.5,3500.0,521,502,25
2018-10-01,2018,10,Potato,1285.0,1385.0787878787878,390.0,3500.0,495,478,22
2018-11-01,2018,11,Potato,1325.0,1416.167441860465,450.0,4200.0,430,419,19
2018-12-01,2018,12,Potato,1050.0,1168.0148975791433,210.0,4400.0,537,519,24
2019-01-01,2019,1,Potato,615.0,807.8800705467372,200.0,3250.0,567,552,24
2019-02-01,2019,2,Potato,600.0,752.7748691099476,200.0,3700.0,573,557,26
2019-03-01,2019,3,Potato,600.0,754.2613636363636,150.0,3500.0,528,512,25
2019-04-01,2019,4,Potato,650.0,802.9039451114922,180.0,5000.0,583,566,23
2019-05-01,2019,5,Potato,750.0,867.2176724137931,290.0,3000.0,464,458,22
2019-06-01,2019,6,Potato,870.0,1010.9818181818182,300.0,4400.0,495,483,22
2019-07-01,2019,7,Potato,920.0,1085.4182509505704,295.0,3326.0,526,508,20
2019-08-01,2019,8,Potato,930.0,1077.5466666666666,300.0,5000.0,525,507,24
2019-09-01,2019,9,Potato,900.0,973.7536656891496,315.0,3250.0,341,332,19
2019-10-01,2019,10,Potato,900.0,1090.3849206349207,380.0,3800.0,504,486,26
2019-11-01,2019,11,Potato,1082.5,1270.0421686746988,250.0,4300.0,498,483,24
2019-12-01,2019,12,Potato,1200.0,1282.8374233128834,350.0,4000.0,326,318,20
2020-01-01,2020,1,Potato,1500.0,1704.6178861788617,480.0,4600.0,369,360,17
2020-02-01,2020,2,Potato,1200.0,1443.2322404371585,300.0,4500.0,366,359,18
2020-03-01,2020,3,Potato,1160.0,1285.1417624521073,550.0,3600.0,261,252,14
2020-04-01,2020,4,Potato,1650.0,1751.2894736842106,700.0,6000.0,304,298,16
2020-05-01,2020,5,Potato,1600.0,1733.764705882353,650.0,4000.0,306,303,17
2020-06-01,2020,6,Potato,1600.0,1777.9888579387186,600.0,4500.0,359,356,18
2020-07-01,2020,7,Potato,1950.0,2034.0235294117647,480.0,4100.0,340,335,20
2020-08-01,2020,8,Potato,2250.0,2280.316037735849,700.0,4200.0,212,209,18
2020-09-01,2020,9,Potato,2400.0,2425.052147239264,900.0,4400.0,326,319,18
2020-10-01,2020,10,Potato,2680.0,2797.5941176470587,1100.0,4800.0,340,334,18
2020-11-01,2020,11,Potato,3060.0,3153.434210526316,1300.0,5200.0,228,226,16
2020-12-01,2020,12,Potato,3150.0,3320.2936288088645,1000.0,6950.0,361,351,20
2021-01-01,2021,1,Potato,1200.0,1549.96,700.0,4700.0,350,346,18
2021-02-01,2021,2,Potato,750.0,1011.1640625,400.0,3700.0,384,375,19
2021-03-01,2021,3,Potato,720.0,938.5,350.0,4000.0,392,379,19
2021-04-01,2021,4,Potato,780.0,977.2049689440994,300.0,4500.0,322,319,19
2021-05-01,2021,5,Potato,1000.0,1146.6810344827586,500.0,3600.0,232,230,17
2021-06-01,2021,6,Potato,1100.0,1241.4701086956522,350.0,4200.0,368,363,20
2021-07-01,2021,7,Potato,1100.0,1257.5378378378377,300.0,3500.0,370,363,21
2021-08-01,2021,8,Potato,1050.0,1190.6190476190477,500.0,3600.0,210,204,17
2021-09-01,2021,9,Potato,1060.0,1209.2364672364672,180.0,4000.0,351,344,20
2021-10-01,2021,10,Potato,1035.0,1265.7824858757062,350.0,10000.0,354,347,19
2021-11-01,2021,11,Potato,1400.0,1558.9131652661065,500.0,3700.0,357,351,19
2021-12-01,2021,12,Potato,1250.0,1495.889502762431,430.0,5000.0,362,357,19
2022-01-01,2022,1,Potato,910.0,1204.878243512974,250.0,8000.0,501,488,21
2022-02-01,2022,2,Potato,860.0,1066.694885361552,300.0,4300.0,567,551,25
2022-03-01,2022,3,Potato,950.0,1142.3239436619717,300.0,4300.0,497,487,22
2022-04-01,2022,4,Potato,1000.0,1228.2776769509983,200.0,5200.0,551,538,23
2022-05-01,2022,5,Potato,1045.0,1268.4455445544554,200.0,4300.0,303,297,20
2022-06-01,2022,6,Potato,1300.0,1591.3576923076923,300.0,32000.0,520,508,22
2022-07-01,2022,7,Potato,1400.0,1749.0986666666668,400.0,32000.0,375,368,21
2022-08-01,2022,8,Potato,1622.5,1809.3475836431228,440.0,5200.0,538,529,21
2022-09-01,2022,9,Potato,1660.0,1828.7296786389413,420.0,4600.0,529,520,23
2022-10-01,2022,10,Potato,1695.0,1935.3483606557377,600.0,50000.0,488,475,22
2022-11-01,2022,11,Potato,1760.0,1921.405109489051,300.0,4600.0,548,538,23
2022-12-01,2022,12,Potato,1450.0,1715.7304832713755,210.0,42000.0,538,526,24
2023-01-01,2023,1,Potato,1091.0,1311.1228571428571,200.0,4600.0,350,341,19
2023-02-01,2023,2,Potato,820.0,1183.716393442623,250.0,42000.0,610,592,24
2023-03-01,2023,3,Potato,700.0,1023.7517123287671,140.0,32000.0,584,567,24
2023-04-01,2023,4,Potato,770.0,1005.5,140.0,3750.0,478,471,22
2023-05-01,2023,5,Potato,935.0,1128.997995991984,203.0,7500.0,499,494,20
2023-06-01,2023,6,Potato,1100.0,1361.798598949212,250.0,13980.0,571,560,24
2023-07-01,2023,7,Potato,1200.0,1457.9583333333333,400.0,14040.0,528,518,21
2023-08-01,2023,8,Potato,1300.0,1620.7555555555555,520.0,43000.0,585,575,24
2023-09-01,2023,9,Potato,1250.0,1494.0199667221298,480.0,13600.0,601,591,24
2023-10-01,2023,10,Potato,1155.0,1351.0075757575758,500.0,4300.0,264,262,17
2023-11-01,2023,11,Potato,1200.0,1481.7033582089553,400.0,16840.0,536,528,23
2023-12-01,2023,12,Potato,1200.0,1442.432915921288,250.0,15040.0,559,546,21
2024-01-01,2024,1,Potato,900.0,1223.3434959349593,101.0,21040.0,492,477,20
2024-02-01,2024,2,Potato,900.0,1178.356418918919,200.0,16280.0,592,569,25
2024-03-01,2024,3,Potato,1020.0,1291.111111111111,300.0,19280.0,576,565,25
2024-04-01,2024,4,Potato,1400.0,1617.5047846889952,280.0,19540.0,418,411,20
2024-05-01,2024,5,Potato,1730.0,1837.0594059405942,300.0,4800.0,505,494,23
2024-06-01,2024,6,Potato,1850.0,2123.6647173489278,450.0,22780.0,513,501,23
2024-07-01,2024,7,Potato,2170.0,2183.2083981337482,40.0,22780.0,643,628,24
2024-08-01,2024,8,Potato,2500.0,3141.619834710744,485.0,27040.0,726,714,26
2024-09-01,2024,9,Potato,2620.0,3334.440860215054,510.0,8000.0,465,463,20
2024-10-01,2024,10,Potato,2500.0,3076.3521739130433,400.0,25040.0,690,678,26
2024-11-01,2024,11,Potato,2720.0,3342.807971014493,600.0,36040.0,552,547,22
2024-12-01,2024,12,Potato,2360.0,2529.9466192170817,900.0,5700.0,281,273,19
2025-01-01,2025,1,Potato,2000.0,2696.441287878788,400.0,7500.0,528,520,20
2025-02-01,2025,2,Potato,1200.0,2083.5519662921347,220.0,29280.0,712,666,24
2025-03-01,2025,3,Potato,1072.5,1784.0013368983957,250.0,29280.0,748,687,25
2025-04-01,2025,4,Potato,1200.0,1738.8649025069637,200.0,22540.0,718,673,23
2025-05-01,2025,5,Potato,1250.0,1825.4183976261127,295.0,5400.0,674,632,23
2025-06-01,2025,6,Potato,1400.0,2181.864541832669,180.0,7400.0,502,477,19
2025-07-01,2025,7,Potato,1400.0,2079.2956152758134,400.0,7000.0,707,667,25
2025-08-01,2025,8,Potato,1250.0,1782.0666666666666,240.0,9000.0,645,612,26
2025-09-01,2025,9,Potato,1200.0,1676.0150829562594,235.0,7000.0,663,626,24
2025-10-01,2025,10,Potato,1200.0,1458.5916870415647,285.0,5500.0,409,387,22
2025-11-01,2025,11,Potato,1387.5,1889.2193548387097,400.0,7000.0,620,587,23
2025-12-01,2025,12,Potato,1360.0,1941.9635831809874,380.0,6000.0,547,538,23
2015-01-01,2015,1,Rice,2400.0,2571.304173354735,1260.0,9400.0,623,266,15
2015-02-01,2015,2,Rice,2222.5,2459.252840909091,1200.0,8100.0,352,156,13
2015-03-01,2015,3,Rice,2350.0,2490.5045871559632,1350.0,7000.0,327,147,12
2015-04-01,2015,4,Rice,2217.5,2445.99209486166,990.0,7000.0,506,241,15
2015-05-01,2015,5,Rice,2200.0,2435.4288577154307,800.0,7900.0,499,244,14
2015-06-01,2015,6,Rice,2240.0,2500.4677137870854,550.0,8900.0,573,246,16
2015-07-01,2015,7,Rice,2295.0,2529.6428571428573,325.0,8700.0,574,253,18
2015-08-01,2015,8,Rice,2275.0,2481.0770925110132,410.0,8700.0,454,221,17
2015-09-01,2015,9,Rice,2250.0,2534.5270506108204,325.0,8700.0,573,244,16
2015-10-01,2015,10,Rice,2277.5,2563.5670103092784,1300.0,8700.0,582,250,16
2015-11-01,2015,11,Rice,2250.0,2472.3082437275984,325.0,8700.0,279,135,12
2015-12-01,2015,12,Rice,2300.0,2537.2419928825625,1200.0,8700.0,562,251,17
2016-01-01,2016,1,Rice,2300.0,2532.97896749522,325.0,8900.0,523,239,17
2016-02-01,2016,2,Rice,2290.0,2505.157281553398,325.0,8900.0,515,235,15
2016-03-01,2016,3,Rice,2240.0,2486.8651911468814,325.0,8900.0,497,246,16
2016-04-01,2016,4,Rice,2250.0,2525.4,1400.0,8900.0,405,211,15
2016-05-01,2016,5,Rice,2210.0,2438.676470588235,1400.0,8900.0,272,130,11
2016-06-01,2016,6,Rice,2300.0,2602.5181644359463,1250.0,8900.0,523,239,14
2016-07-01,2016,7,Rice,2400.0,2643.062977099237,1410.0,8900.0,524,236,14
2016-08-01,2016,8,Rice,2450.0,3468.140926640927,1425.0,210000.0,518,231,16
2016-09-01,2016,9,Rice,2420.0,2696.0038986354775,1110.0,8900.0,513,235,14
2016-10-01,2016,10,Rice,2500.0,2741.0614525139663,1500.0,8900.0,358,188,13
2016-11-01,2016,11,Rice,2480.0,2728.356818181818,1625.0,12350.0,440,208,14
2016-12-01,2016,12,Rice,2500.0,2712.816631130064,1500.0,8900.0,469,217,14
2017-01-01,2017,1,Rice,2400.0,2593.7420634920636,1397.0,8900.0,252,121,12
2017-02-01,2017,2,Rice,2400.0,2675.568047337278,1500.0,8900.0,507,224,14
2017-03-01,2017,3,Rice,2400.0,2652.2046332046334,1225.0,8900.0,518,234,14
2017-04-01,2017,4,Rice,2380.0,2615.025761124122,1700.0,8900.0,427,200,13
2017-05-01,2017,5,Rice,2450.0,2684.8480176211456,1420.0,8700.0,454,222,14
2017-06-01,2017,6,Rice,2480.0,2734.1625239005734,1100.0,8100.0,523,233,14
2017-07-01,2017,7,Rice,2500.0,2734.364653243848,1428.0,8400.0,447,217,13
2017-08-01,2017,8,Rice,2517.5,2730.998148148148,1150.0,8900.0,540,240,14
2017-09-01,2017,9,Rice,2500.0,2696.9478417266187,1200.0,6850.0,556,250,14
2017-10-01,2017,10,Rice,2575.0,2670.5,1600.0,4800.0,248,131,11
2017-11-01,2017,11,Rice,2600.0,2749.8249496981894,1200.0,7500.0,497,241,15
2017-12-01,2017,12,Rice,2600.0,2777.6692307692306,1285.0,9100.0,520,248,14
2018-01-01,2018,1,Rice,2575.0,2721.7390476190476,1340.0,5700.0,525,245,13
2018-02-01,2018,2,Rice,2600.0,2766.2010869565215,1200.0,9000.0,552,240,14
2018-03-01,2018,3,Rice,2625.0,2793.4137931034484,1350.0,8900.0,435,228,14
2018-04-01,2018,4,Rice,2610.0,2644.98031496063,2.0,6000.0,254,131,9
2018-05-01,2018,5,Rice,2550.0,2681.4132762312634,2.0,5795.0,467,244,13
2018-06-01,2018,6,Rice,2600.0,2819.894026974952,1300.0,16100.0,519,234,14
2018-07-01,2018,7,Rice,2672.5,2708.872950819672,220.0,5300.0,244,124,10
2018-08-01,2018,8,Rice,2620.0,2813.8571428571427,1600.0,7350.0,539,241,13
2018-09-01,2018,9,Rice,2590.0,2761.519565217391,3.0,9100.0,460,223,12
2018-10-01,2018,10,Rice,2600.0,2773.106463878327,1350.0,6250.0,526,261,14
2018-11-01,2018,11,Rice,2605.0,2789.075,1000.0,6900.0,400,230,14
2018-12-01,2018,12,Rice,2550.0,2729.863453815261,390.0,6500.0,498,246,14
2019-01-01,2019,1,Rice,2540.0,2735.649727767695,200.0,7200.0,551,265,15
2019-02-01,2019,2,Rice,2600.0,2799.5758620689653,410.0,9500.0,580,264,13
2019-03-01,2019,3,Rice,2600.0,2814.514035087719,1350.0,11500.0,570,271,13
2019-04-01,2019,4,Rice,2600.0,2788.729636048527,1300.0,9300.0,577,262,14
2019-05-01,2019,5,Rice,2550.0,2775.222680412371,360.0,7000.0,485,256,15
2019-06-01,2019,6,Rice,2590.0,2782.159574468085,1390.0,6800.0,470,240,13
2019-07-01,2019,7,Rice,2600.0,2801.5289575289576,1350.0,9800.0,518,240,15
2019-08-01,2019,8,Rice,2600.0,2810.058931860037,1400.0,7060.0,543,248,14
2019-09-01,2019,9,Rice,2600.0,2748.5967741935483,1400.0,4800.0,310,141,13
2019-10-01,2019,10,Rice,2650.0,2803.7954022988506,1450.0,6900.0,435,235,13
2019-11-01,2019,11,Rice,2600.0,2803.3948919449904,1450.0,10000.0,509,253,13
2019-12-01,2019,12,Rice,2620.0,2779.1409836065573,1800.0,5266.0,305,150,11
2020-01-01,2020,1,Rice,2580.0,2772.4861111111113,230.0,5800.0,432,224,9
2020-02-01,2020,2,Rice,2600.0,2802.36803874092,1613.0,11200.0,413,224,9
2020-03-01,2020,3,Rice,2600.0,2748.2301255230127,1500.0,10300.0,239,129,7
2020-04-01,2020,4,Rice,2625.0,2862.492795389049,1460.0,11000.0,347,185,7
2020-05-01,2020,5,Rice,2600.0,2856.716381418093,1430.0,11200.0,409,215,9
2020-06-01,2020,6,Rice,2590.0,2863.2564705882355,1490.0,11200.0,425,224,9
2020-07-01,2020,7,Rice,2590.0,2836.2957746478874,1500.0,11200.0,426,210,9
2020-08-01,2020,8,Rice,2700.0,2948.5838926174497,1231.0,8700.0,149,90,8
2020-09-01,2020,9,Rice,2600.0,2730.1324324324323,1000.0,5950.0,370,206,8
2020-10-01,2020,10,Rice,2600.0,2791.295039164491,1200.0,11200.0,383,193,8
2020-11-01,2020,11,Rice,2550.0,2698.5073891625616,1608.0,5900.0,203,106,7
2020-12-01,2020,12,Rice,2500.0,2643.9487951807228,1230.0,5900.0,332,181,8
2021-01-01,2021,1,Rice,2450.0,2611.4545454545455,1300.0,6000.0,385,205,8
2021-02-01,2021,2,Rice,2500.0,2655.233415233415,1200.0,6050.0,407,202,9
2021-03-01,2021,3,Rice,2500.0,2688.431603773585,1300.0,9700.0,424,209,9
2021-04-01,2021,4,Rice,2500.0,2709.00288184438,1400.0,6090.0,347,187,9
2021-05-01,2021,5,Rice,2610.0,2844.8497854077254,1950.0,11300.0,233,145,8
2021-06-01,2021,6,Rice,2550.0,2776.7316455696205,1510.0,11200.0,395,194,9
2021-07-01,2021,7,Rice,2572.5,2733.470744680851,1000.0,6130.0,376,202,9
2021-08-01,2021,8,Rice,2600.0,2741.6959064327484,2000.0,5000.0,171,85,6
2021-09-01,2021,9,Rice,2540.0,2736.3994910941474,1525.0,5250.0,393,203,7
2021-10-01,2021,10,Rice,2552.5,2745.9356435643563,1450.0,6150.0,404,205,8
2021-11-01,2021,11,Rice,2600.0,2770.788944723618,1350.0,6200.0,398,203,8
2021-12-01,2021,12,Rice,2560.0,2776.1930693069307,1465.0,6300.0,404,200,8
2022-01-01,2022,1,Rice,2600.0,2824.0162162162164,1806.0,6170.0,370,190,8
2022-02-01,2022,2,Rice,2600.0,2875.232104121475,1500.0,14000.0,461,211,10
2022-03-01,2022,3,Rice,2625.0,2871.2874396135267,1200.0,17000.0,414,207,10
2022-04-01,2022,4,Rice,2630.0,2863.066964285714,1500.0,13000.0,448,214,11
2022-05-01,2022,5,Rice,2700.0,2844.826291079812,1810.0,6450.0,213,113,8
2022-06-01,2022,6,Rice,2700.0,2948.8718535469106,1000.0,23000.0,437,213,8
2022-07-01,2022,7,Rice,2600.0,2913.5994897959185,1600.0,23000.0,392,202,9
2022-08-01,2022,8,Rice,2692.5,2970.1030042918455,1400.0,19000.0,466,220,10
2022-09-01,2022,9,Rice,2760.0,3021.0426966292134,820.0,27000.0,445,221,10
2022-10-01,2022,10,Rice,2677.5,3005.088383838384,1260.0,28000.0,396,201,10
2022-11-01,2022,11,Rice,2850.0,3015.988344988345,1300.0,7200.0,429,218,11
2022-12-01,2022,12,Rice,2800.0,2944.4367088607596,1350.0,7250.0,474,230,12
2023-01-01,2023,1,Rice,2800.0,2946.723320158103,1720.0,7400.0,253,122,9
2023-02-01,2023,2,Rice,2900.0,3039.2103092783505,1200.0,7512.0,485,222,10
2023-03-01,2023,3,Rice,2950.0,3115.824773413897,1200.0,5400.0,331,202,10
2023-04-01,2023,4,Rice,2780.0,2984.1414868105517,1200.0,9700.0,417,219,10
2023-05-01,2023,5,Rice,2900.0,3007.0417633410675,1200.0,8200.0,431,217,9
2023-06-01,2023,6,Rice,2900.0,3105.071729957806,1200.0,16500.0,474,220,9
2023-07-01,2023,7,Rice,2860.0,3102.35261707989,1200.0,10170.0,363,200,11
2023-08-01,2023,8,Rice,2977.5,3236.261160714286,1200.0,8700.0,448,218,11
2023-09-01,2023,9,Rice,2977.5,3252.969957081545,1200.0,7000.0,466,226,12
2023-10-01,2023,10,Rice,3000.0,3266.688442211055,1200.0,8900.0,199,115,6
2023-11-01,2023,11,Rice,3100.0,3319.927927927928,1200.0,7500.0,444,209,12
2023-12-01,2023,12,Rice,3000.0,3367.8954248366013,1200.0,11290.0,459,219,13
2024-01-01,2024,1,Rice,3010.0,3319.3232558139534,1200.0,8950.0,430,207,10
2024-02-01,2024,2,Rice,3002.5,3411.306976744186,1200.0,8900.0,430,205,10
2024-03-01,2024,3,Rice,3050.0,3388.8253164556963,1200.0,12751.0,395,206,10
2024-04-01,2024,4,Rice,3110.0,3371.012755102041,1200.0,6180.0,392,202,10
2024-05-01,2024,5,Rice,3140.0,3386.339024390244,1200.0,8500.0,410,202,10
2024-06-01,2024,6,Rice,3165.0,3448.859693877551,1200.0,12552.0,392,201,8
2024-07-01,2024,7,Rice,3200.0,3488.688195991091,1200.0,8950.0,449,216,10
2024-08-01,2024,8,Rice,3300.0,3564.8711790393013,1200.0,8950.0,458,211,10
2024-09-01,2024,9,Rice,3400.0,3613.414937759336,2210.0,8950.0,241,118,6
2024-10-01,2024,10,Rice,3290.0,3559.4862842892767,1500.0,7000.0,401,198,11
2024-11-01,2024,11,Rice,3340.0,3627.4717514124295,2100.0,8840.0,354,201,11
2024-12-01,2024,12,Rice,3600.0,3699.6176470588234,2550.0,8200.0,204,100,8
2025-01-01,2025,1,Rice,3300.0,3571.7671232876714,2100.0,6750.0,365,197,11
2025-02-01,2025,2,Rice,3300.0,3581.8086253369274,2100.0,8500.0,371,194,10
2025-03-01,2025,3,Rice,3299.0,3594.600529100529,1050.0,6650.0,378,192,11
2025-04-01,2025,4,Rice,3340.0,3646.0805194805193,2150.0,6050.0,385,193,11
2025-05-01,2025,5,Rice,3360.0,3610.6512261580383,2000.0,6300.0,367,193,12
2025-06-01,2025,6,Rice,3500.0,3648.6069868995633,2200.0,5500.0,229,117,7
2025-07-01,2025,7,Rice,3400.0,3604.536817102138,1500.0,6200.0,421,200,11
2025-08-01,2025,8,Rice,3420.0,3650.9655963302753,2300.0,8335.0,436,221,11
2025-09-01,2025,9,Rice,3410.0,3631.2429906542056,1600.0,7000.0,428,212,12
2025-10-01,2025,10,Rice,3447.5,3719.8662420382166,1900.0,8052.0,314,196,11
2025-11-01,2025,11,Rice,3400.0,3635.979674796748,1520.0,8480.0,246,181,9
2025-12-01,2025,12,Rice,3500.0,3827.896797153025,2100.0,9700.0,281,143,11
2015-01-01,2015,1,Wheat,1575.0,1622.477653631285,1300.0,3100.0,358,337,16
2015-02-01,2015,2,Wheat,1550.0,1575.7175572519084,1200.0,2655.0,131,128,11
2015-03-01,2015,3,Wheat,1510.0,1557.6699029126214,1103.0,2700.0,103,101,10
2015-04-01,2015,4,Wheat,1461.0,1539.55223880597,1200.0,3801.0,335,320,16
2015-05-01,2015,5,Wheat,1450.0,1492.6351908396946,1215.0,3850.0,524,506,13
2015-06-01,2015,6,Wheat,1455.0,1530.35025,1150.0,3400.0,480,446,16
2015-07-01,2015,7,Wheat,1451.0,1512.479392624729,1150.0,4075.0,461,435,15
2015-08-01,2015,8,Wheat,1454.0,1491.6530612244899,145.0,3200.0,441,416,16
2015-09-01,2015,9,Wheat,1461.0,1530.9420289855072,1050.0,3800.0,483,453,16
2015-10-01,2015,10,Wheat,1500.0,1578.5701219512196,1150.0,3500.0,492,463,16
2015-11-01,2015,11,Wheat,1525.0,1552.256,1150.0,2601.0,125,122,11
2015-12-01,2015,12,Wheat,1560.0,1641.4321120689656,1150.0,4000.0,464,434,14
2016-01-01,2016,1,Wheat,1600.0,1671.4610244988864,162.5,3301.0,449,420,16
2016-02-01,2016,2,Wheat,1625.0,1684.2067039106146,1150.0,3200.0,358,336,11
2016-03-01,2016,3,Wheat,1611.0,1668.8859154929578,155.0,3600.0,355,332,14
2016-04-01,2016,4,Wheat,1539.0,1635.309065934066,152.5,4150.0,364,350,14
2016-05-01,2016,5,Wheat,1525.0,1550.29797979798,1330.0,2500.0,198,196,12
2016-06-01,2016,6,Wheat,1621.0,1679.8159784560144,1.0,3600.0,557,522,15
2016-07-01,2016,7,Wheat,1690.0,1746.927813163482,160.0,3600.0,471,441,15
2016-08-01,2016,8,Wheat,1691.0,1738.6554726368158,1400.0,3601.0,402,376,14
2016-09-01,2016,9,Wheat,1680.0,1720.7287390029326,1458.0,3500.0,341,327,13
2016-10-01,2016,10,Wheat,1675.0,1732.7238095238095,1081.0,3200.0,315,296,12
2016-11-01,2016,11,Wheat,1738.0,1787.904761904762,945.0,4100.0,147,142,10
2016-12-01,2016,12,Wheat,1915.0,1943.1670428893906,1300.0,4100.0,443,417,14
2017-01-01,2017,1,Wheat,1795.0,1790.6851851851852,1250.0,2275.0,108,107,8
2017-02-01,2017,2,Wheat,1850.0,1873.098024691358,17.2,3800.0,405,383,13
2017-03-01,2017,3,Wheat,1660.0,1719.602,1300.0,4530.0,500,471,12
2017-04-01,2017,4,Wheat,1625.0,1691.7473684210527,1420.0,3800.0,380,360,16
2017-05-01,2017,5,Wheat,1625.0,1631.1254863813228,1400.0,3200.0,514,487,14
2017-06-01,2017,6,Wheat,1623.5,1644.7456896551723,1085.0,3900.0,464,435,17
2017-07-01,2017,7,Wheat,1622.5,1646.5380813953489,142.1,4951.0,344,328,17
2017-08-01,2017,8,Wheat,1620.0,1632.580782312925,15.0,4000.0,588,561,16
2017-09-01,2017,9,Wheat,1601.0,1635.2642740619901,1085.0,4000.0,613,589,15
2017-10-01,2017,10,Wheat,1570.0,1556.4271523178809,144.0,1750.0,151,151,11
2017-11-01,2017,11,Wheat,1600.0,1634.008806262231,1050.0,3800.0,511,488,12
2017-12-01,2017,12,Wheat,1620.0,1654.9125269978401,1300.0,4250.0,463,439,14
2018-01-01,2018,1,Wheat,1630.0,1674.241,950.0,4780.0,500,469,11
2018-02-01,2018,2,Wheat,1615.0,1658.5309187279152,164.0,4100.0,566,535,13
2018-03-01,2018,3,Wheat,1650.0,1710.0465994962217,164.0,4250.0,397,373,13
2018-04-01,2018,4,Wheat,1696.0,1661.8159722222222,164.0,2400.0,144,144,12
2018-05-01,2018,5,Wheat,1735.0,1721.4607142857142,1350.0,3200.0,560,538,14
2018-06-01,2018,6,Wheat,1735.0,1758.1869244935542,1300.0,4000.0,543,514,15
2018-07-01,2018,7,Wheat,1674.0,1660.661971830986,1277.0,2362.0,142,140,8
2018-08-01,2018,8,Wheat,1855.0,1892.2624309392265,1250.0,4025.0,543,516,14
2018-09-01,2018,9,Wheat,1812.5,1860.3997395833333,172.0,4150.0,384,366,14
2018-10-01,2018,10,Wheat,1850.0,1882.6040404040405,1300.0,4000.0,495,470,12
2018-11-01,2018,11,Wheat,1858.0,1906.6706443914081,1250.0,4200.0,419,404,12
2018-12-01,2018,12,Wheat,1911.0,1955.820281124498,1300.0,3950.0,498,475,14
2019-01-01,2019,1,Wheat,1920.0,1971.9239130434783,1300.0,5050.0,460,438,12
2019-02-01,2019,2,Wheat,1970.0,2003.2074898785424,1600.0,3950.0,494,477,15
2019-03-01,2019,3,Wheat,1925.0,1949.4751082251082,1495.0,3200.0,462,439,12
2019-04-01,2019,4,Wheat,1845.0,1883.0727650727652,184.0,3415.0,481,459,14
2019-05-01,2019,5,Wheat,1840.0,1831.2408293460926,379.0,3000.0,627,603,11
2019-06-01,2019,6,Wheat,1840.0,1890.9816053511706,391.0,3200.0,598,571,15
2019-07-01,2019,7,Wheat,1845.0,1873.1893805309735,1450.0,3600.0,565,539,15
2019-08-01,2019,8,Wheat,1925.0,1957.055437100213,1660.0,4200.0,469,457,11
2019-09-01,2019,9,Wheat,1900.0,1924.9259259259259,1700.0,3000.0,189,184,11
2019-10-01,2019,10,Wheat,1950.0,1985.1583011583011,1675.0,4050.0,777,567,13
2019-11-01,2019,11,Wheat,2000.0,2038.41064453125,1580.0,3900.0,1024,600,14
2019-12-01,2019,12,Wheat,1960.0,1987.5107033639144,1700.0,3000.0,327,199,12
2020-01-01,2020,1,Wheat,2115.0,2149.483146067416,801.0,4450.0,801,520,10
2020-02-01,2020,2,Wheat,2055.0,2092.400432900433,1500.0,3950.0,693,440,10
2020-03-01,2020,3,Wheat,1970.0,1956.2988047808765,1505.0,2650.0,251,171,7
2020-04-01,2020,4,Wheat,2000.0,2019.205223880597,1600.0,3300.0,268,176,8
2020-05-01,2020,5,Wheat,1925.0,1908.2732250580048,1250.0,4800.0,862,573,11
2020-06-01,2020,6,Wheat,1866.0,1874.3517871900826,660.0,4500.0,968,593,11
2020-07-01,2020,7,Wheat,1833.5,1874.3667127071824,1250.0,4500.0,724,474,9
2020-08-01,2020,8,Wheat,1709.0,1788.3313953488373,1416.0,4300.0,258,212,9
2020-09-01,2020,9,Wheat,1661.0,1722.9922839506173,1330.0,4800.0,648,447,8
2020-10-01,2020,10,Wheat,1610.0,1701.8220611916265,1070.0,5900.0,621,399,9
2020-11-01,2020,11,Wheat,1660.0,1689.5463414634146,1300.0,2401.0,205,129,9
2020-12-01,2020,12,Wheat,1650.0,1688.1324786324785,1300.0,6100.0,468,338,9
2021-01-01,2021,1,Wheat,1700.0,1719.9793152639088,1095.0,4800.0,701,457,9
2021-02-01,2021,2,Wheat,1700.0,1736.1614457831324,1290.0,5587.0,830,526,10
2021-03-01,2021,3,Wheat,1700.0,1743.6237993596585,1200.0,5207.0,937,564,9
2021-04-01,2021,4,Wheat,1760.0,1832.2483443708609,1425.0,4600.0,755,538,10
2021-05-01,2021,5,Wheat,1975.0,1952.3157894736842,910.0,7562.0,418,326,10
2021-06-01,2021,6,Wheat,1840.0,1869.337167070218,1375.0,5300.0,826,524,10
2021-07-01,2021,7,Wheat,1700.0,1764.8032786885246,1350.0,8250.0,854,528,9
2021-08-01,2021,8,Wheat,1709.0,1733.5988372093022,1464.0,2300.0,172,125,8
2021-09-01,2021,9,Wheat,1830.0,1860.8797035347777,1269.0,4730.0,877,561,10
2021-10-01,2021,10,Wheat,1850.0,1886.0941043083901,967.0,4620.0,882,551,9
2021-11-01,2021,11,Wheat,1910.0,1938.413748378729,1150.0,5350.0,771,508,10
2021-12-01,2021,12,Wheat,1927.0,1968.2832369942196,1400.0,4900.0,865,535,9
2022-01-01,2022,1,Wheat,1920.0,1953.4007444168735,1500.0,4500.0,806,490,10
2022-02-01,2022,2,Wheat,1951.0,2002.8247991967871,1396.0,8700.0,996,571,11
2022-03-01,2022,3,Wheat,2050.5,2088.9815989847716,1179.0,4400.0,788,560,13
2022-04-01,2022,4,Wheat,2025.0,2094.3063147973608,1600.0,7001.0,1061,687,15
2022-05-01,2022,5,Wheat,2025.0,2068.7359550561796,1750.0,3650.0,445,300,12
2022-06-01,2022,6,Wheat,2030.0,2086.229845626072,1410.0,6980.0,1166,652,12
2022-07-01,2022,7,Wheat,2035.0,2078.149188514357,1500.0,5000.0,801,539,14
2022-08-01,2022,8,Wheat,2225.0,2242.296168958743,1600.0,4900.0,1018,590,13
2022-09-01,2022,9,Wheat,2250.0,2265.7507629704983,1700.0,4800.0,983,591,11
2022-10-01,2022,10,Wheat,2260.0,2282.430749682338,1851.0,4900.0,787,498,12
2022-11-01,2022,11,Wheat,2390.0,2422.6833333333334,1700.0,5980.0,810,519,11
2022-12-01,2022,12,Wheat,2510.0,2528.1002991944765,1600.0,5755.0,869,524,11
2023-01-01,2023,1,Wheat,2575.0,2545.0778688524592,660.0,3540.0,244,153,8
2023-02-01,2023,2,Wheat,2650.0,2654.0798175598634,1700.0,4950.0,877,492,10
2023-03-01,2023,3,Wheat,2200.0,2268.6382054992764,341.0,4750.0,691,500,11
2023-04-01,2023,4,Wheat,2150.0,2228.200123915737,235.0,4300.0,807,517,12
2023-05-01,2023,5,Wheat,2129.0,2197.4261125104954,1500.0,5690.0,1191,724,15
2023-06-01,2023,6,Wheat,2240.0,2290.6143099068586,1800.0,4726.0,1181,644,14
2023-07-01,2023,7,Wheat,2223.5,2270.9994394618834,1600.0,5070.0,892,550,10
2023-08-01,2023,8,Wheat,2325.0,2380.42850678733,1800.0,4900.0,1105,615,12
2023-09-01,2023,9,Wheat,2340.0,2384.114347357066,1211.0,4900.0,927,594,13
2023-10-01,2023,10,Wheat,2325.0,2352.0113636363635,2030.0,2950.0,264,177,10
2023-11-01,2023,11,Wheat,2500.0,2567.091603053435,1900.0,7040.0,917,527,11
2023-12-01,2023,12,Wheat,2516.0,2567.368078175896,1700.0,4050.0,921,524,13
2024-01-01,2024,1,Wheat,2500.0,2527.115117891817,1245.0,4100.0,721,419,11
2024-02-01,2024,2,Wheat,2500.0,2515.770337922403,1500.0,4150.0,799,440,11
2024-03-01,2024,3,Wheat,2400.0,2431.659767141009,1890.0,4030.0,773,513,10
2024-04-01,2024,4,Wheat,2350.0,2398.3063636363636,1900.0,4450.0,1100,588,13
2024-05-01,2024,5,Wheat,2325.0,2387.061403508772,2000.0,4100.0,1482,785,12
2024-06-01,2024,6,Wheat,2405.0,2452.81711409396,1750.0,3950.0,1192,646,13
2024-07-01,2024,7,Wheat,2460.0,2510.8195488721803,1850.0,4550.0,1064,600,14
2024-08-01,2024,8,Wheat,2500.0,2565.6402654867256,1805.0,4400.0,1130,609,13
2024-09-01,2024,9,Wheat,2530.0,2537.515895953757,2122.0,3250.0,346,195,9
2024-10-01,2024,10,Wheat,2690.0,2701.1081193040595,1950.0,4235.0,1207,619,11
2024-11-01,2024,11,Wheat,2792.5,2806.3448051948053,1800.0,4400.0,770,571,11
2024-12-01,2024,12,Wheat,2736.5,2733.146788990826,2240.0,3751.0,218,155,9
2025-01-01,2025,1,Wheat,2910.5,2925.9959349593496,2000.0,4500.0,984,530,11
2025-02-01,2025,2,Wheat,2855.0,2847.838610827375,2000.0,4500.0,979,528,12
2025-03-01,2025,3,Wheat,2750.0,2752.2745901639346,1950.0,4500.0,1098,556,11
2025-04-01,2025,4,Wheat,2450.0,2501.486102897694,1386.0,4700.0,1691,742,13
2025-05-01,2025,5,Wheat,2450.0,2492.947585394582,1700.0,4500.0,1698,825,14
2025-06-01,2025,6,Wheat,2480.0,2499.3675213675215,1809.0,3400.0,468,254,10
2025-07-01,2025,7,Wheat,2490.0,2505.245434623813,1800.0,4200.0,1369,633,11
2025-08-01,2025,8,Wheat,2583.5,2601.423944687045,1570.0,4750.0,1374,675,13
2025-09-01,2025,9,Wheat,2580.0,2600.6169354838707,1500.0,4700.0,1364,640,13
2025-10-01,2025,10,Wheat,2525.0,2560.0045662100456,2000.0,4800.0,1095,636,10
2025-11-01,2025,11,Wheat,2500.0,2521.583802024747,1700.0,4850.0,889,532,9
2025-12-01,2025,12,Wheat,2480.0,2511.900872323553,1546.0,4836.0,1261,561,11
