Crop,Observations,Markets,States,First_Date,Last_Date,Median_Price,Mean_Price,Min_Price,Max_Price,Std_Price
Onion,100862,1591,31,2015-01-01,2025-12-01,1600.0,2015.0403061608934,7.0,72000.0,1426.6808536198591
Wheat,86776,1512,19,2015-01-01,2025-12-08,2090.0,2131.0729172812757,1.0,8700.0,443.9473150091038
Banana,73535,1102,29,2015-01-01,2025-12-08,2500.0,2996.8439194512816,8.0,500000.0,3767.2204145515993
Potato,60051,1482,31,2015-01-01,2025-12-01,1100.0,1409.9666963081381,5.0,50000.0,1133.3817824306598
Rice,55179,612,24,2015-01-01,2025-12-08,2675.0,2897.4338154007864,2.0,210000.0,1493.342386962991
Maize,45742,1230,23,2015-01-01,2025-12-08,1650.0,1718.5882523719995,30.0,12092.0,483.08881402584166
Cotton,24472,670,14,2015-01-01,2025-12-08,5412.0,5858.600791516836,54.6,40000.0,1576.3375787787375
Groundnut,18837,687,19,2015-01-01,2025-12-08,5012.0,5192.979159632639,4.0,14401.0,1415.117184731998
Jowar/Sorghum,17689,576,12,2015-01-01,2025-12-08,2185.0,2363.4150884730625,160.5,9000.0,928.0215453807082
Lentil,1361,219,14,2015-01-01,2016-11-08,5850.0,6467.82072005878,450.0,12500.0,1924.6245386812202
