Date,Crop,State,Market,Variety,Grade,Minimum Price,Maximum Price,Modal Price
2022-10-01,Banana,Himachal Pradesh,PMY Paonta Sahib,Other,Medium,450000.0,,500000.0
2022-12-08,Banana,Himachal Pradesh,PMY Paonta Sahib,Other,Medium,300000.0,500000.0,400000.0
2023-06-08,Banana,Himachal Pradesh,PMY Paonta Sahib,Other,Medium,350000.0,400000.0,380000.0
2022-02-01,Banana,Himachal Pradesh,PMY Paonta Sahib,Other,Medium,300000.0,400000.0,350000.0
2023-06-01,Banana,Himachal Pradesh,PMY Paonta Sahib,Other,Large,300000.0,400000.0,350000.0
2016-08-08,Rice,Tamil Nadu,Boothapadi APMC,Ponni,FAQ,136700.0,234700.0,210000.0
2016-08-08,Rice,Tamil Nadu,Boothapadi APMC,ADT 39,FAQ,135600.0,230700.0,200000.0
2025-05-01,Banana,Keralam,Omalloor Market,Other,Large,70000.0,80000.0,78000.0
2022-12-01,Onion,Keralam,Kollengode Market,Small,FAQ,70000.0,75000.0,72000.0
2022-07-08,Banana,Keralam,Kollengode Market,Nendra Bale,Large,50000.0,60000.0,55000.0
2022-06-01,Banana,Keralam,Kollengode Market,Nendra Bale,Large,50000.0,60000.0,55000.0
2025-03-01,Onion,Keralam,Pothencode Market,Other,FAQ,52000.0,52080.0,52040.0
2025-02-01,Onion,Keralam,Pothencode Market,Other,FAQ,52000.0,52080.0,52040.0
2022-07-01,Banana,Keralam,Kollengode Market,Nendra Bale,Large,50000.0,55000.0,52000.0
2023-02-01,Banana,Keralam,Kollengode Market,Nendra Bale,Large,50000.0,55000.0,52000.0
2023-02-08,Banana,Keralam,Kollengode Market,Poovan,Large,50000.0,55000.0,52000.0
2023-03-01,Banana,Keralam,Kollengode Market,Poovan,Large,50000.0,55000.0,52000.0
2022-12-08,Banana,Keralam,Kollengode Market,Poovan,Large,50000.0,55000.0,52000.0
2022-07-01,Banana,Keralam,Kollengode Market,Poovan,Large,50000.0,55000.0,52000.0
2023-03-08,Banana,Keralam,Kollengode Market,Poovan,Large,50000.0,55000.0,52000.0
