Year_Month,Observations,Median_Price,Mean_Price
2015-01,4140,1880.0,2203.0702898550726
2015-02,1645,1600.0,1844.9501519756839
2015-03,1537,1700.0,1860.631424853611
2015-04,3505,1575.0,1960.279457917261
2015-05,3370,1486.5,1889.2423857566764
2015-06,3984,1590.0,2036.6892871485943
2015-07,3856,1700.0,2050.879408713693
2015-08,3150,2000.0,2210.7274063492064
2015-09,3669,2100.0,2624.0459253202507
2015-10,4079,2100.0,2572.457955381221
2015-11,1589,1900.0,2203.7640025173064
2015-12,4549,1900.0,2348.867135634205
2016-01,4188,1700.0,2253.695200573066
2016-02,3701,1650.0,2154.819373142394
2016-03,3657,1600.0,2088.293956795187
2016-04,2949,1550.0,2019.6119023397762
2016-05,1562,1500.0,1760.6895006402049
2016-06,4178,1630.0,2145.047271421733
2016-07,3676,1700.0,2196.484085963003
2016-08,3406,1730.0,2354.3574574280683
2016-09,3179,1694.0,2075.8035545769108
2016-10,2901,1650.0,2097.392967942089
2016-11,3313,1700.0,2291.6626924237853
2016-12,4356,1800.0,2241.3239210284664
2017-01,1553,1400.0,1830.0489375402447
2017-02,4244,1799.5,2284.254076343073
2017-03,4483,1625.0,2186.8799910774037
2017-04,3227,1570.0,1973.3131391385186
2017-05,3353,1550.0,1884.6093050999104
2017-06,3572,1550.0,1957.7103863381858
2017-07,3023,1467.0,1754.1799867681111
2017-08,3979,1646.0,2003.2653933149033
2017-09,4162,1719.5,2070.933445458914
2017-10,1715,1612.0,1797.0880466472304
2017-11,4500,2000.0,2306.7386666666666
2017-12,4443,2200.0,2508.984019806437
2018-01,4609,2250.0,2551.5858103710134
2018-02,4809,2100.0,2342.34466625078
2018-03,3947,1800.0,2165.7044590828477
2018-04,1698,1380.0,1656.140753828033
2018-05,3692,1542.5,1814.4959371614302
2018-06,4047,1600.0,1908.4907338769458
2018-07,1516,1544.5,1731.6424802110819
2018-08,4021,1750.0,2008.2807759263865
2018-09,3199,1650.0,1879.1369177868085
2018-10,4094,1750.0,2130.0567904250124
2018-11,3096,1845.0,2236.7131782945735
2018-12,4254,1800.0,2193.9857780912084
2019-01,4518,1730.0,2124.6745241257195
2019-02,4639,1900.0,2162.261198534167
2019-03,4352,1870.0,2108.8337545955883
2019-04,4446,1840.0,2092.8502024291497
2019-05,3832,1825.0,1960.0618475991648
2019-06,3715,1840.0,2039.68532974428
2019-07,4124,1860.0,2181.982322987391
2019-08,3731,1950.0,2194.4677030286784
2019-09,1955,2040.0,2192.195396419437
2019-10,3731,2300.0,2686.2430983650497
2019-11,4717,2225.0,2730.4596141615434
2019-12,1719,2015.0,2526.3420593368237
2020-01,3821,2400.0,3221.3844543313267
2020-02,3415,2350.0,2684.574231332357
2020-03,1590,2098.5,2220.6691823899373
2020-04,2121,2050.0,2237.5624705327677
2020-05,3081,1925.0,2059.8870561506005
2020-06,3929,1850.0,2086.2181292949863
2020-07,3367,1850.0,2138.94653994654
2020-08,1592,1724.5,1995.2974246231156
2020-09,2951,1900.0,2154.6933242968485
2020-10,3251,2460.0,2617.1985542909874
2020-11,1439,2851.0,3128.946490618485
2020-12,2922,2560.0,2881.7150239561947
2021-01,3568,2055.0,2432.8425784753363
2021-02,3903,2050.0,2485.4067486548806
2021-03,4071,2000.0,2426.517440432326
2021-04,3208,1740.0,2018.9555798004988
2021-05,1842,1900.0,1979.8827361563517
2021-06,3487,1840.0,2129.7040435904787
2021-07,3530,1880.0,2199.646033994334
2021-08,1189,1950.0,2076.894028595458
2021-09,3583,1900.0,2192.1634105498188
2021-10,3747,1964.0,2375.2752868961834
2021-11,3709,2061.0,2586.875977352386
2021-12,4142,1994.0,2625.190125543216
2022-01,4218,1973.5,2736.7100521574207
2022-02,5062,2028.0,2932.505432635322
2022-03,4212,2190.0,2712.7153371320037
2022-04,4583,2015.0,2487.1807767837663
2022-05,1902,1950.0,2017.1990010515246
2022-06,4701,2015.0,2406.7646245479687
2022-07,3712,2039.5,2534.246228448276
2022-08,4479,2200.0,2477.499888367939
2022-09,4193,2200.0,2518.9802051037445
2022-10,3916,2200.0,2769.1615168539324
2022-11,3932,2370.0,2924.602492370295
2022-12,4227,2450.0,3147.514114028862
2023-01,1676,2230.0,2532.676008353222
2023-02,4443,2510.0,3068.7441593517897
2023-03,3556,2200.0,2803.026856017998
2023-04,3375,2185.0,2601.377185185185
2023-05,4023,2130.0,2591.541759880686
2023-06,4646,2235.0,2823.937249246664
2023-07,3612,2200.0,2618.678995016611
2023-08,4281,2310.0,2758.072557813595
2023-09,4033,2361.0,2831.232982891148
2023-10,1454,2300.0,2526.1987620357636
2023-11,4347,2620.0,3240.374561766736
2023-12,4415,2630.0,3277.988221970555
2024-01,3642,2500.0,2926.0652114222953
2024-02,4009,2500.0,2839.81628835121
2024-03,3632,2400.0,2748.2990088105726
2024-04,3648,2390.0,2788.3930921052633
2024-05,4422,2335.0,2732.754183627318
2024-06,4220,2434.0,2922.176123222749
2024-07,4951,2600.0,3034.1839870733183
2024-08,5231,2850.0,3444.4609195182566
2024-09,2503,3425.0,3821.301038753496
2024-10,5319,3000.0,3602.8836416619665
2024-11,4511,3110.0,3770.9985590778097
2024-12,1857,3100.0,3618.965535810447
2025-01,4635,3000.0,3610.67950377562
2025-02,5163,2920.0,3569.7469494479956
2025-03,5263,2850.0,3380.3079042371273
2025-04,5713,2525.0,3103.723262734115
2025-05,5459,2475.0,2949.0023813885327
2025-06,2958,2550.0,3083.767748478702
2025-07,5565,2510.0,3035.3422479784367
2025-08,5231,2600.0,2897.103995411967
2025-09,5326,2580.0,2900.596789335336
2025-10,4151,2522.0,2915.821850156589
2025-11,4434,2455.0,2826.758579161028
2025-12,5351,2500.0,3011.6559889459913
