Crop,Mean,Std,Median,Min,Max,Coefficient_of_Variation
Banana,2996.8439194512816,3767.2204145515993,2500.0,8.0,500000.0,1.257062601792546
Potato,1409.9666963081381,1133.3817824306598,1100.0,5.0,50000.0,0.8038358532852661
Onion,2015.0403061608934,1426.6808536198591,1600.0,7.0,72000.0,0.7080160378220961
Rice,2897.4338154007864,1493.342386962991,2675.0,2.0,210000.0,0.51540172514913
Jowar/Sorghum,2363.4150884730625,928.0215453807082,2185.0,160.5,9000.0,0.392661259508281
Maize,1718.5882523719995,483.08881402584166,1650.0,30.0,12092.0,0.28109630876335934
Groundnut,5192.979159632639,1415.117184731998,5012.0,4.0,14401.0,0.27250584707374526
Cotton,5858.600791516836,1576.3375787787375,5412.0,54.6,40000.0,0.2690638319411096
Wheat,2131.0729172812757,443.9473150091038,2090.0,1.0,8700.0,0.2083210346342683
