State,Observations,Markets,Crops,Median_Price,Mean_Price
Uttar Pradesh,109579,241,10,2000.0,1986.2863200065706
Madhya Pradesh,50682,333,10,1975.0,2187.402528905726
Maharashtra,43737,348,10,2000.0,2418.940648421245
Keralam,43690,279,7,3400.0,3662.0742762645914
Gujarat,34185,214,9,2595.0,3279.2127687582274
West Bengal,33837,77,8,2440.0,2458.330643969619
Punjab,26542,223,9,1500.0,1708.2855542159596
Rajasthan,24738,186,10,2013.0,2565.8012717277065
Karnataka,19955,148,9,2200.0,2714.3670258080683
Haryana,19949,126,10,1600.0,1982.575420823099
Tamil Nadu,15119,319,8,4623.0,4728.3414987763745
Odisha,14085,99,9,2000.0,2253.0783784167556
Telangana,8747,148,9,2750.0,3562.5415902595173
Himachal Pradesh,5886,32,3,2300.0,2715.1517442830445
Tripura,5282,32,4,2750.0,2760.6558121923513
Uttarakhand,5138,22,8,1200.0,1397.1919599065784
Andhra Pradesh,4678,85,9,2300.0,2710.3281316802054
Chattisgarh,3922,120,7,1800.0,1881.1110402855686
Assam,3822,26,7,2500.0,2854.6985871271586
Jammu and Kashmir,2335,16,3,2600.0,2554.430192719486
Bihar,2072,90,7,1800.0,2015.8885135135135
Manipur,1635,5,6,3500.0,3619.7296636085625
Jharkhand,1569,20,8,2140.0,2311.094327597196
NCT of Delhi,1373,5,7,1500.0,1673.998543335761
Meghalaya,609,18,6,3500.0,3674.980837438424
Nagaland,512,18,5,4200.0,4528.57421875
Goa,442,2,3,1500.0,1558.4235294117645
Chandigarh,187,1,2,1000.0,1199.9385026737968
Arunachal Pradesh,62,2,3,2800.0,2970.1612903225805
Pondicherry,60,3,3,4805.0,4813.9
Mizoram,53,2,4,4000.0,4218.867924528302
Andaman and Nicobar,22,4,3,4500.0,6065.454545454545
