Year,Observations,Crops,Markets,States,Median_Price,Mean_Price,Min_Price,Max_Price
2015,39073,10,1962,31,1800.0,2189.403971796381,13.0,40000.0
2016,41066,10,1930,31,1661.0,2163.605220863975,1.0,210000.0
2017,42254,9,2001,31,1635.0,2095.020386235623,10.0,12627.0
2018,42982,9,2040,30,1735.0,2105.4835977851194,2.0,16100.0
2019,45479,9,1988,30,1940.0,2240.976776094461,100.0,12800.0
2020,33479,9,1794,25,2080.0,2463.1862466023476,100.0,40000.0
2021,39979,9,1746,27,1950.0,2332.8853863278223,160.5,15609.0
2022,49137,9,1911,29,2100.0,2667.5916042900462,145.0,500000.0
2023,43861,9,1974,29,2340.0,2851.915157885137,140.0,380000.0
2024,47945,9,2333,29,2633.0,3172.6211976222753,15.0,36040.0
2025,59249,9,2341,27,2600.0,3108.1778232012357,8.0,78000.0
