Feature,Type
Crop,Categorical
Mean_Price,Numeric
Min_Price,Numeric
Max_Price,Numeric
Price_Observations,Numeric
Markets,Numeric
States,Numeric
Varieties,Numeric
Extreme_Observations,Numeric
Very_Extreme_Observations,Numeric
Anomaly_Observations,Numeric
Year,Numeric
Month,Numeric
Quarter,Numeric
Season,Categorical
Price_Lag_1M,Numeric
Price_Lag_2M,Numeric
Price_Lag_3M,Numeric
Price_Lag_6M,Numeric
Price_Lag_12M,Numeric
Price_Change_1M,Numeric
Price_Change_3M,Numeric
Price_Change_12M,Numeric
Price_Difference_1M,Numeric
Rolling_Mean_3M,Numeric
Rolling_Mean_6M,Numeric
Rolling_Mean_12M,Numeric
Rolling_Median_3M,Numeric
Rolling_Median_6M,Numeric
Rolling_Median_12M,Numeric
Rolling_Std_3M,Numeric
Rolling_Std_6M,Numeric
Rolling_Std_12M,Numeric
Rolling_Min_6M,Numeric
Rolling_Max_6M,Numeric
Momentum_3M,Numeric
Momentum_6M,Numeric
Momentum_12M,Numeric
Same_Month_Last_Year,Numeric
YoY_Price_Change,Numeric
Historical_Mean_Price,Numeric
Historical_Median_Price,Numeric
Historical_Std_Price,Numeric
Historical_Month_Mean,Numeric
Historical_Month_Median,Numeric
Deviation_From_Rolling_Mean_6M,Numeric
Deviation_From_Rolling_Median_6M,Numeric
Rolling_CV_6M,Numeric
Observation_Intensity,Numeric
Market_Count_Log,Numeric
State_Count_Log,Numeric
Variety_Count_Log,Numeric
Extreme_Rate,Numeric
Anomaly_Rate,Numeric
Time_Index,Numeric
Time_Index_Squared,Numeric
Month_Sin,Numeric
Month_Cos,Numeric
Quarter_Sin,Numeric
Quarter_Cos,Numeric
Target_Next_Month_Log_Price,Numeric
Target_Next_Month_Change,Numeric
Target_Date,Categorical
