Crop,Monthly_Return_Std,Mean_Monthly_Return,Absolute_Mean_Monthly_Return,Largest_Increase,Largest_Decrease,Return_Observations
Onion,26.09306822508399,2.936113600791377,18.174677443894502,99.02912621359224,-48.21428571428571,131
Potato,16.787999642465078,1.9867726116145754,12.484340042088771,42.24137931034482,-61.904761904761905,131
Lentil,11.838829329874875,0.4141423847959451,9.36575496513062,17.777777777777782,-29.411764705882348,21
Jowar/Sorghum,9.704947205349457,0.8032427550452063,7.574222039791985,26.732673267326735,-21.911196911196907,131
Banana,9.28048349099399,0.7771013478299666,6.260254703917234,39.99999999999999,-25.0,131
Groundnut,6.495833113588103,0.4957391983099444,5.119757832764556,20.316557437863246,-15.000000000000002,131
Cotton,5.711427084888833,0.5685246740636394,4.001592395195277,22.72727272727273,-20.303490136570556,131
Maize,4.971960727086214,0.32796195382905785,3.6850062379460864,13.846153846153841,-12.5,131
Wheat,3.964673239042705,0.42607397181432044,2.7349125095330855,12.215909090909083,-16.981132075471695,131
Rice,2.45278179414106,0.3183647726189171,1.7838838356430153,7.784431137724557,-8.333333333333337,131
