Crop,Start_Month,End_Month,Start_Price,End_Price,Absolute_Change,Percentage_Growth,Months_Covered
Cotton,2015-01-01,2025-12-01,4100.0,7000.0,2900.0,70.73170731707317,132
Potato,2015-01-01,2025-12-01,800.0,1360.0,560.0,70.0,132
Banana,2015-01-01,2025-12-01,2050.0,3300.0,1250.0,60.97560975609756,132
Wheat,2015-01-01,2025-12-01,1575.0,2480.0,905.0,57.460317460317455,132
Jowar/Sorghum,2015-01-01,2025-12-01,2000.0,3100.0,1100.0,55.00000000000001,132
Rice,2015-01-01,2025-12-01,2400.0,3500.0,1100.0,45.83333333333333,132
Groundnut,2015-01-01,2025-12-01,3980.0,5800.0,1820.0,45.7286432160804,132
Maize,2015-01-01,2025-12-01,1250.0,1635.0,385.0,30.8,132
Lentil,2015-01-01,2016-11-01,5376.0,5050.0,-326.0,-6.063988095238095,22
Onion,2015-01-01,2025-12-01,1730.0,1600.0,-130.0,-7.514450867052023,132
