Crop,Months,Median_Price,Mean_Price,Minimum_Price,Maximum_Price,Price_Std,Average_Markets,Average_States,Price_Range,Coefficient_of_Variation
Lentil,22,5787.5,6482.982837403344,4500.0,7025.0,705.6907200155158,60.54545454545455,8.0,2525.0,0.12193360173054268
Cotton,132,5491.0,5909.832798892908,3900.0,10500.0,1532.4562223240014,114.96969696969697,8.568181818181818,6600.0,0.2790850887495905
Groundnut,132,5081.25,5149.344373010248,3157.5,7125.0,875.9663792796147,89.41666666666667,10.159090909090908,3967.5,0.17239190736130178
Rice,132,2600.0,2921.620471392333,2200.0,3600.0,340.83062249255215,205.03030303030303,11.424242424242424,1400.0,0.1310887009586739
Banana,132,2300.0,2754.083848532445,1500.0,4000.0,599.4042732663572,258.75,19.689393939393938,2500.0,0.2606105535940684
Jowar/Sorghum,132,2079.5,2365.731002064338,1425.0,4200.0,580.3353114528365,90.70454545454545,7.462121212121212,2775.0,0.2790744464788827
Wheat,132,1883.0,2008.4415315623703,1450.0,2910.5,375.99349904374037,451.49242424242425,12.0,1460.5,0.1996779070864261
Maize,132,1625.0,1700.941788560909,1149.0,2450.0,362.34043851236413,229.7348484848485,13.469696969696969,1301.0,0.22297873139222407
Onion,132,1600.0,2089.6210856393254,800.0,5350.0,1009.2153616808467,512.4848484848485,22.12121212121212,4550.0,0.6307596010505292
Potato,132,1077.5,1383.1458712617875,450.0,3150.0,561.3662308608676,443.29545454545456,22.083333333333332,2700.0,0.5209895414021973
