Crop,Median_Price,Price_Std,Coefficient_of_Variation,MAE,RMSE,MAPE,SMAPE,R2
Cotton,5491.0,1532.4562223240014,0.2790850887495905,106.00848251028704,139.38371550766433,1.5081875057128622,1.5044738015387096,0.5931430193480756
Groundnut,5081.25,875.9663792796147,0.17239190736130178,262.682649176954,298.3848677646651,4.560523834101193,4.432761101831621,0.4237313521667638
Rice,2600.0,340.83062249255215,0.1310887009586739,19.6552057613168,24.25832045575312,0.590773885797063,0.5888591097805329,0.9796613418189754
Banana,2300.0,599.4042732663572,0.2606105535940684,110.38596707818978,147.86474338507554,2.934517470630445,2.99047487071201,0.927859294942304
Jowar/Sorghum,2079.5,580.3353114528365,0.2790744464788827,81.56514403292171,100.03736424853128,2.9540306607287654,2.9020610489957006,0.9597013873346714
Wheat,1883.0,375.99349904374037,0.1996779070864261,10.147541152263043,12.743467296697366,0.400215211784302,0.3991470875177337,0.992888130542332
Maize,1625.0,362.34043851236413,0.22297873139222407,3.472542524005483,5.1849232214825,0.1737714486763618,0.1735042250317574,0.9989970361673352
Onion,1600.0,1009.2153616808467,0.6307596010505292,91.48739711934176,143.1790077075634,3.272032503588869,3.265151123404636,0.9808012052080504
Potato,1077.5,561.3662308608676,0.5209895414021973,23.21734567901232,33.10574158774481,1.491024649298895,1.4723217676095424,0.9964069886912608
