Crop,Test_Observations,MAE,RMSE,MAPE,SMAPE,R2,Forecast_Error_Ratio
Maize,27,3.472542524005483,5.1849232214825,0.1737714486763618,0.1735042250317574,0.9989970361673352,0.6697384657400687
Wheat,27,10.147541152263043,12.743467296697366,0.400215211784302,0.3991470875177337,0.992888130542332,0.7962935765603303
Rice,27,19.6552057613168,24.25832045575312,0.590773885797063,0.5888591097805329,0.9796613418189754,0.8102459441228592
Potato,27,23.21734567901232,33.10574158774481,1.491024649298895,1.4723217676095424,0.9964069886912608,0.7013087327095456
Jowar/Sorghum,27,81.56514403292171,100.03736424853128,2.9540306607287654,2.9020610489957006,0.9597013873346714,0.8153467921192643
Cotton,27,106.00848251028704,139.38371550766433,1.5081875057128622,1.5044738015387096,0.5931430193480756,0.7605514182443887
Onion,27,91.48739711934176,143.1790077075634,3.272032503588869,3.265151123404636,0.9808012052080504,0.6389721411225425
Banana,27,110.38596707818978,147.86474338507554,2.934517470630445,2.99047487071201,0.927859294942304,0.7465333828089872
Groundnut,27,262.682649176954,298.3848677646651,4.560523834101193,4.432761101831621,0.4237313521667638,0.8803484276664135
