Crop,Observations,Mean_Residual,Median_Residual,Mean_Absolute_Error,Bias_Direction
Groundnut,27,-261.80773148148086,-222.62472222222095,262.68264917695393,Predictions above actuals
Jowar/Sorghum,27,-55.72683127572,-53.57277777777699,81.5651440329217,Predictions above actuals
Potato,27,-15.483950617283936,-8.56027777777797,23.21734567901235,Predictions above actuals
Cotton,27,-14.683441358021877,0.812916666671299,106.00848251028704,Predictions above actuals
Rice,27,-13.954958847736634,-13.667777777779065,19.65520576131685,Predictions above actuals
Wheat,27,-7.136306584361811,-6.953888888887832,10.147541152263043,Predictions above actuals
Maize,27,-0.6158593964333721,-0.2869444444449982,3.472542524005525,Predictions above actuals
Onion,27,14.37099794238708,-18.699166666665406,91.48739711934178,Predictions below actuals
Banana,27,81.5565432098769,21.851666666666006,110.38596707818972,Predictions below actuals
