Crop,Month_Start,Actual_Price,Predicted_Price,Absolute_Error,Percentage_Error
Groundnut,2024-03-01,5855.0,6366.362777777776,511.3627777777756,8.733779295948345
Onion,2023-10-01,4100.0,3594.758055555555,505.2419444444449,12.32297425474256
Groundnut,2024-01-01,6062.0,6551.1283333333295,489.12833333332946,8.06876168481243
Groundnut,2023-10-01,6215.25,6672.925138888884,457.67513888888425,7.363744642434081
Groundnut,2024-02-01,6107.5,6553.866527777775,446.36652777777545,7.308498203483839
Groundnut,2024-10-01,5380.0,5810.783611111111,430.783611111111,8.00713031805039
Groundnut,2024-05-01,5750.0,6150.448333333333,400.4483333333328,6.964318840579701
Groundnut,2024-09-01,5400.0,5795.582222222223,395.5822222222232,7.325596707818949
Groundnut,2024-06-01,5745.0,6135.152222222222,390.152222222222,6.791161396383324
Groundnut,2023-11-01,6405.0,6781.613194444438,376.6131944444378,5.879987423020106
Groundnut,2024-04-01,5945.0,6313.242499999999,368.2424999999994,6.194154751892336
Cotton,2025-07-01,7663.0,7312.639583333332,350.36041666666824,4.57210513723957
Groundnut,2023-12-01,6375.0,6699.605416666661,324.60541666666086,5.091849673202523
Banana,2024-08-01,4000.0,3711.8211111111086,288.1788888888914,7.204472222222284
Banana,2024-07-01,4000.0,3722.136666666665,277.86333333333505,6.946583333333376
Cotton,2023-12-01,6650.0,6920.118611111106,270.11861111110557,4.06193400167076
Onion,2023-12-01,2000.0,2259.6294444444447,259.62944444444474,12.981472222222237
Banana,2024-11-01,4000.0,3755.380277777777,244.61972222222312,6.115493055555578
Cotton,2024-01-01,6500.0,6743.577499999996,243.57749999999578,3.7473461538460886
Cotton,2023-11-01,6800.0,7043.510833333328,243.51083333332826,3.581041666666592
Onion,2024-10-01,4800.0,4559.6225,240.3774999999996,5.007864583333324
Onion,2024-08-01,4200.0,3960.766388888887,239.23361111111308,5.696038359788407
Groundnut,2025-01-01,5183.0,5421.408055555558,238.40805555555835,4.599808133427713
Cotton,2025-06-01,7410.5,7172.332638888885,238.1673611111146,3.213917564416903
Banana,2024-10-01,4000.0,3764.104999999999,235.8950000000009,5.8973750000000225
