Crop,Average_Markets,Maximum_Markets,Average_States,Maximum_States
Onion,512.4848484848485,735,22.12121212121212,26
Wheat,451.49242424242425,825,12.0,17
Potato,443.29545454545456,714,22.083333333333332,27
Banana,258.75,572,19.689393939393938,24
Maize,229.7348484848485,421,13.469696969696969,19
Rice,205.03030303030303,271,11.424242424242424,18
Cotton,114.96969696969697,304,8.568181818181818,13
Jowar/Sorghum,90.70454545454545,163,7.462121212121212,11
Groundnut,89.41666666666667,170,10.159090909090908,15
Lentil,60.54545454545455,121,8.0,10
