Month_Start,Median_Price,Mean_Price
2015-01-01,2025.0,2674.8433553036966
2015-02-01,1850.0,2564.5257153848975
2015-03-01,1811.25,2476.1680695476934
2015-04-01,1918.75,2573.053311736129
2015-05-01,1887.5,2543.3615010222466
2015-06-01,1985.0,2748.41961224902
2015-07-01,1925.0,2780.272725945318
2015-08-01,2137.5,2834.6405791336365
2015-09-01,2075.0,3068.0675945817175
2015-10-01,2038.75,3033.1861279888067
2015-11-01,1887.5,2738.6181538007377
2015-12-01,1887.5,2802.191014475303
2016-01-01,1866.75,2829.0355174989136
2016-02-01,1800.0,2723.826855030501
2016-03-01,1833.75,2661.6468996620465
2016-04-01,1895.0,2755.8439352904334
2016-05-01,1825.5,2757.223766876231
2016-06-01,2037.75,2901.741484229765
2016-07-01,2100.0,3071.6131115113376
2016-08-01,2162.5,3251.942928049185
2016-09-01,1800.0,2626.78108626174
2016-10-01,1875.0,2822.665670151836
2016-11-01,1919.0,2781.5376833772366
2016-12-01,1915.0,2400.739376388139
2017-01-01,1630.0,2252.3642644977504
2017-02-01,2000.0,2437.4664314427
2017-03-01,1901.0,2447.663887232175
2017-04-01,1838.0,2423.1705726891405
2017-05-01,1775.0,2364.7905368866486
2017-06-01,1790.0,2407.03298150089
2017-07-01,1700.0,2307.1551153569367
2017-08-01,1751.0,2450.7143770183393
2017-09-01,2000.0,2408.3235740928963
2017-10-01,1800.0,2116.8001402929276
2017-11-01,2100.0,2372.9401346953055
2017-12-01,2200.0,2501.2497377953086
2018-01-01,2200.0,2528.4730889668654
2018-02-01,2200.0,2427.796239685893
2018-03-01,1800.0,2353.7293101391306
2018-04-01,1850.0,2187.6125803320883
2018-05-01,1735.0,2199.2823504254147
2018-06-01,1735.0,2338.5941880052296
2018-07-01,1674.0,2253.6041216533054
2018-08-01,1855.0,2526.3064691329582
2018-09-01,1812.5,2454.294038510489
2018-10-01,1881.0,2487.4875984418713
2018-11-01,2200.0,2665.058415129636
2018-12-01,2100.0,2529.265179158605
2019-01-01,2000.0,2476.3784534444594
2019-02-01,2200.0,2530.3138009280474
2019-03-01,2180.0,2540.221172419416
2019-04-01,2200.0,2638.455772552108
2019-05-01,2150.0,2620.0588374127387
2019-06-01,2310.0,2720.511636904844
2019-07-01,2500.0,2876.6344631967504
2019-08-01,2535.0,2895.5633729251863
2019-09-01,2300.0,2758.598672989663
2019-10-01,2590.0,3021.9356757267356
2019-11-01,2400.0,2917.821191661273
2019-12-01,2200.0,2997.9134853302585
2020-01-01,2362.5,3204.4170011197502
2020-02-01,2487.5,2884.174407819519
2020-03-01,2250.0,2761.008506483903
2020-04-01,2400.0,2806.430595225642
2020-05-01,2350.0,2623.2960682940525
2020-06-01,2240.0,2609.683812331162
2020-07-01,2200.0,2682.350801567527
2020-08-01,2250.0,2602.485915579005
2020-09-01,2260.0,2651.887736243299
2020-10-01,2600.0,2805.6235757694276
2020-11-01,2550.0,2983.7842197733776
2020-12-01,2500.0,3086.4634190341076
2021-01-01,2100.0,2769.805276537275
2021-02-01,2100.0,2795.486435818156
2021-03-01,2250.0,2891.6656970389354
2021-04-01,2114.0,2708.343566988324
2021-05-01,1975.0,2643.4060015431987
2021-06-01,1840.0,2785.0408970865374
2021-07-01,2090.0,2822.906029979693
2021-08-01,2050.0,2809.474760331877
2021-09-01,1990.0,2906.910742448028
2021-10-01,2350.0,2904.734486362978
2021-11-01,2350.0,3137.2658798457583
2021-12-01,2100.0,3102.754706130036
2022-01-01,2000.0,3133.632722576959
2022-02-01,2200.0,3351.9633035095408
2022-03-01,2300.0,3354.702595788815
2022-04-01,2200.0,3472.232821476475
2022-05-01,2025.0,3183.000824587146
2022-06-01,2089.0,3543.385926217007
2022-07-01,2261.0,3457.447638433541
2022-08-01,2412.5,3539.5550948547025
2022-09-01,2400.0,3502.125014580089
2022-10-01,2447.0,3451.754065218379
2022-11-01,2500.0,3494.835689040363
2022-12-01,2510.0,3612.5855277596297
2023-01-01,2575.0,3304.2030459315897
2023-02-01,2650.0,3571.3154820443383
2023-03-01,2890.0,3526.0659335299397
2023-04-01,2780.0,3338.6886176360213
2023-05-01,2800.0,3310.246087214877
2023-06-01,2630.0,3387.2742564022487
2023-07-01,2600.0,3396.4599155980895
2023-08-01,2777.5,3571.6705097140384
2023-09-01,2800.0,3564.1970195207796
2023-10-01,2490.0,3358.728580893716
2023-11-01,3100.0,3762.023326408879
2023-12-01,3000.0,3783.1454623329596
2024-01-01,2700.0,3449.4105428141534
2024-02-01,2800.0,3367.147280814826
2024-03-01,2765.0,3397.0843752068818
2024-04-01,2865.0,3427.136850365956
2024-05-01,2700.0,3370.968745120501
2024-06-01,2737.5,3487.325590696636
2024-07-01,2700.0,3598.2945665985367
2024-08-01,3200.0,3909.3043321100977
2024-09-01,3400.0,4024.4448996752744
2024-10-01,3290.0,3942.2587891720154
2024-11-01,3340.0,4028.3417873633102
2024-12-01,3600.0,3880.5997860476386
2025-01-01,2910.5,3832.2441124798006
2025-02-01,2855.0,3770.3154133236385
2025-03-01,2750.0,3693.1405565933437
2025-04-01,2700.0,3602.592109146757
2025-05-01,2525.0,3522.0865006180957
2025-06-01,3200.0,3631.5688096580375
2025-07-01,2500.0,3594.2943708177277
2025-08-01,2583.5,3525.598132712397
2025-09-01,2580.0,3486.429383229538
2025-10-01,2525.0,3253.8197250457574
2025-11-01,2790.5,3396.1350555818763
2025-12-01,3100.0,3507.49951467345
