Crop,Month,Price
Banana,January,2100.0
Cotton,January,5400.0
Groundnut,January,4555.0
Jowar/Sorghum,January,2000.0
Lentil,January,6200.5
Maize,January,1625.0
Onion,January,2000.0
Potato,January,900.0
Rice,January,2575.0
Wheat,January,1920.0
Banana,February,2200.0
Cotton,February,5500.0
Groundnut,February,4642.5
Jowar/Sorghum,February,2000.0
Lentil,February,5857.5
Maize,February,1790.0
Onion,February,1800.0
Potato,February,750.0
Rice,February,2600.0
Wheat,February,1951.0
Banana,March,2250.0
Cotton,March,5500.0
Groundnut,March,5330.0
Jowar/Sorghum,March,2065.0
Lentil,March,4625.0
Maize,March,1630.0
Onion,March,1765.0
Potato,March,720.0
Rice,March,2600.0
Wheat,March,1925.0
Banana,April,2300.0
Cotton,April,5782.5
Groundnut,April,5475.0
Jowar/Sorghum,April,2200.0
Lentil,April,5081.5
Maize,April,1536.0
Onion,April,1450.0
Potato,April,800.0
Rice,April,2610.0
Wheat,April,1845.0
Banana,May,2200.0
Cotton,May,5229.5
Groundnut,May,5175.0
Jowar/Sorghum,May,2051.0
Lentil,May,5660.0
Maize,May,1470.0
Onion,May,1200.0
Potato,May,1000.0
Rice,May,2600.0
Wheat,May,1925.0
Banana,June,2340.0
Cotton,June,5838.0
Groundnut,June,5100.0
Jowar/Sorghum,June,2089.0
Lentil,June,5699.5
Maize,June,1500.0
Onion,June,1140.0
Potato,June,1250.0
Rice,June,2590.0
Wheat,June,1840.0
Banana,July,2400.0
Cotton,July,5700.0
Groundnut,July,5225.0
Jowar/Sorghum,July,2261.0
Lentil,July,5877.5
Maize,July,1625.0
Onion,July,1390.0
Potato,July,1350.0
Rice,July,2600.0
Wheat,July,1833.5
Banana,August,2500.0
Cotton,August,5600.0
Groundnut,August,4990.0
Jowar/Sorghum,August,2258.0
Lentil,August,5975.0
Maize,August,1650.0
Onion,August,1550.0
Potato,August,1300.0
Rice,August,2620.0
Wheat,August,1855.0
Banana,September,2410.0
Cotton,September,5470.0
Groundnut,September,5000.0
Jowar/Sorghum,September,1850.0
Lentil,September,6640.0
Maize,September,1700.0
Onion,September,1990.0
Potato,September,1250.0
Rice,September,2600.0
Wheat,September,1830.0
Banana,October,2400.0
Cotton,October,5219.5
Groundnut,October,5000.0
Jowar/Sorghum,October,1881.0
Lentil,October,6393.75
Maize,October,1630.0
Onion,October,2060.0
Potato,October,1200.0
Rice,October,2600.0
Wheat,October,1850.0
Banana,November,2350.0
Cotton,November,5482.0
Groundnut,November,4392.0
Jowar/Sorghum,November,2022.5
Lentil,November,6000.0
Maize,November,1500.0
Onion,November,2750.0
Potato,November,1330.0
Rice,November,2600.0
Wheat,November,1910.0
Banana,December,2200.0
Cotton,December,5437.5
Groundnut,December,4865.0
Jowar/Sorghum,December,2200.0
Lentil,December,6000.0
Maize,December,1585.0
Onion,December,2100.0
Potato,December,1200.0
Rice,December,2600.0
Wheat,December,1927.0
