Crop,Month,Median_Price,Mean_Price,Observations
Banana,1,2100.0,2479.3130255886535,5224
Banana,2,2200.0,2713.848934833775,6223
Banana,3,2250.0,2682.7238615657016,5803
Banana,4,2300.0,2667.4839568085026,5869
Banana,5,2200.0,2588.7035010654017,5470
Banana,6,2340.0,2915.5236700907085,6418
Banana,7,2400.0,2880.747990902691,6807
Banana,8,2500.0,2946.0764859504116,7067
Banana,9,2410.0,2935.218105845746,6397
Banana,10,2400.0,2762.1451817698235,6198
Banana,11,2350.0,2728.110247270595,6116
Banana,12,2200.0,2749.1112206973303,5943
Cotton,1,5400.0,5876.946199660911,3516
Cotton,2,5500.0,5888.978434175165,3788
Cotton,3,5500.0,5878.134145580129,2792
Cotton,4,5782.5,5951.755337703767,1842
Cotton,5,5229.5,5827.55662098646,1312
Cotton,6,5838.0,5954.651739295207,1205
Cotton,7,5700.0,5905.761967790597,724
Cotton,8,5600.0,6033.934227295889,626
Cotton,9,5470.0,5889.625800357939,808
Cotton,10,5219.5,5715.7368794462445,1788
Cotton,11,5482.0,5945.810948520462,2449
Cotton,12,5437.5,6049.101285902113,3622
Groundnut,1,4555.0,4882.92998669596,1778
Groundnut,2,4642.5,5043.553629918596,1940
Groundnut,3,5330.0,5315.620140402926,1517
Groundnut,4,5475.0,5293.695133330004,1123
Groundnut,5,5175.0,5140.906679317213,1078
Groundnut,6,5100.0,5291.835406891138,1987
Groundnut,7,5225.0,5220.6317424390045,1581
Groundnut,8,4990.0,5308.75941939181,1306
Groundnut,9,5000.0,5288.165589247832,1208
Groundnut,10,5000.0,4945.672170822481,1544
Groundnut,11,4392.0,4970.939131060852,1713
Groundnut,12,4865.0,5089.423446605153,2062
Jowar/Sorghum,1,2000.0,2372.439114877734,1639
Jowar/Sorghum,2,2000.0,2406.779844505091,1804
Jowar/Sorghum,3,2065.0,2358.3765319044196,1539
Jowar/Sorghum,4,2200.0,2436.9486148527562,1248
Jowar/Sorghum,5,2051.0,2256.5956125702537,951
Jowar/Sorghum,6,2089.0,2396.7896695099366,1867
Jowar/Sorghum,7,2261.0,2438.021016746183,1653
Jowar/Sorghum,8,2258.0,2437.282363275143,1427
Jowar/Sorghum,9,1850.0,2294.832922589714,1234
Jowar/Sorghum,10,1881.0,2249.9016695193195,1283
Jowar/Sorghum,11,2022.5,2259.4139366206305,1390
Jowar/Sorghum,12,2200.0,2481.3907278008755,1654
Lentil,1,6200.5,6645.1854679802955,93
Lentil,2,5857.5,6349.930740037951,79
Lentil,3,4625.0,5658.824432296047,111
Lentil,4,5081.5,6013.646152275975,140
Lentil,5,5660.0,6265.9056639877535,106
Lentil,6,5699.5,6356.352357723577,198
Lentil,7,5877.5,6649.266326530613,168
Lentil,8,5975.0,6744.129508196722,136
Lentil,9,6640.0,6926.163636363636,55
Lentil,10,6393.75,7014.8739604989605,89
Lentil,11,6000.0,6670.1780748663095,107
Lentil,12,6000.0,6962.873417721519,79
Maize,1,1625.0,1672.3074290986754,4336
Maize,2,1790.0,1706.1412488508233,4488
Maize,3,1630.0,1710.1621686414064,3637
Maize,4,1536.0,1708.7580495716954,3065
Maize,5,1470.0,1671.7243365382812,2905
Maize,6,1500.0,1683.61151677156,3872
Maize,7,1625.0,1705.2585596694937,3530
Maize,8,1650.0,1771.114771444107,3181
Maize,9,1700.0,1774.5453047129777,3039
Maize,10,1630.0,1673.591741522763,3431
Maize,11,1500.0,1640.8158872346658,4828
Maize,12,1585.0,1693.2704486744558,5430
Onion,1,2000.0,2426.7047785009727,8305
Onion,2,1800.0,2112.582839910491,9028
Onion,3,1765.0,1881.4333018896511,8849
Onion,4,1450.0,1528.1474285022466,8348
Onion,5,1200.0,1336.732521374758,7560
Onion,6,1140.0,1456.9785783521586,9302
Onion,7,1390.0,1700.3069306729913,8950
Onion,8,1550.0,1946.4752747495172,9002
Onion,9,1990.0,2307.1837471768044,8900
Onion,10,2060.0,2517.16655505266,8028
Onion,11,2750.0,3021.7996054746927,7365
Onion,12,2100.0,2839.9414660149646,7225
Potato,1,900.0,1248.791184831813,4836
Potato,2,750.0,1054.726218317618,5482
Potato,3,720.0,1015.020833448751,5169
Potato,4,800.0,1118.8911564641546,4947
Potato,5,1000.0,1196.7562621401214,4397
Potato,6,1250.0,1407.4521973935703,5185
Potato,7,1350.0,1474.9129420316294,5098
Potato,8,1300.0,1593.911407957427,5323
Potato,9,1250.0,1578.0206704848692,5202
Potato,10,1200.0,1568.3048054056608,4665
Potato,11,1330.0,1724.7934338583539,4832
Potato,12,1200.0,1616.1693428074825,4915
Rice,1,2575.0,2836.4713228882147,4709
Rice,2,2600.0,2870.083144389139,5073
Rice,3,2600.0,2876.791093416263,4528
Rice,4,2610.0,2859.629564537018,4505
Rice,5,2600.0,2869.6376158512207,4240
Rice,6,2590.0,2930.0545803642117,4960
Rice,7,2600.0,2917.85600319385,4734
Rice,8,2620.0,3037.8739074039245,4722
Rice,9,2600.0,2947.5270578213394,4755
Rice,10,2600.0,2967.3082149187458,4246
Rice,11,2600.0,2964.693085142202,4199
Rice,12,2600.0,2981.520066781867,4508
Wheat,1,1920.0,2050.167354891878,6132
Wheat,2,1951.0,2058.530558059121,7128
Wheat,3,1925.0,1986.105117459676,6355
Wheat,4,1845.0,1953.2045349049718,7386
Wheat,5,1925.0,1930.320024695684,8519
Wheat,6,1840.0,1961.527108473693,8443
Wheat,7,1833.5,1949.4709311284962,7687
Wheat,8,1855.0,2002.1751184265138,7500
Wheat,9,1830.0,2004.0118760736614,7155
Wheat,10,1850.0,2019.9049445170976,7086
Wheat,11,1910.0,2078.6285900489197,6588
Wheat,12,1927.0,2107.2522200687326,6797
