Crop,1,2,3,4,5,6,7,8,9,10,11,12
Banana,2100.0,2200.0,2250.0,2300.0,2200.0,2340.0,2400.0,2500.0,2410.0,2400.0,2350.0,2200.0
Cotton,5400.0,5500.0,5500.0,5782.5,5229.5,5838.0,5700.0,5600.0,5470.0,5219.5,5482.0,5437.5
Groundnut,4555.0,4642.5,5330.0,5475.0,5175.0,5100.0,5225.0,4990.0,5000.0,5000.0,4392.0,4865.0
Jowar/Sorghum,2000.0,2000.0,2065.0,2200.0,2051.0,2089.0,2261.0,2258.0,1850.0,1881.0,2022.5,2200.0
Lentil,6200.5,5857.5,4625.0,5081.5,5660.0,5699.5,5877.5,5975.0,6640.0,6393.75,6000.0,6000.0
Maize,1625.0,1790.0,1630.0,1536.0,1470.0,1500.0,1625.0,1650.0,1700.0,1630.0,1500.0,1585.0
Onion,2000.0,1800.0,1765.0,1450.0,1200.0,1140.0,1390.0,1550.0,1990.0,2060.0,2750.0,2100.0
Potato,900.0,750.0,720.0,800.0,1000.0,1250.0,1350.0,1300.0,1250.0,1200.0,1330.0,1200.0
Rice,2575.0,2600.0,2600.0,2610.0,2600.0,2590.0,2600.0,2620.0,2600.0,2600.0,2600.0,2600.0
Wheat,1920.0,1951.0,1925.0,1845.0,1925.0,1840.0,1833.5,1855.0,1830.0,1850.0,1910.0,1927.0
