Crop,Highest_Price_Month,Highest_Seasonality_Index,Lowest_Price_Month,Lowest_Seasonality_Index,Seasonality_Spread
Onion,11,1.556970983722576,6,0.6454352441613588,0.9115357395612173
Potato,7,1.2413793103448276,3,0.6620689655172414,0.5793103448275863
Lentil,9,1.1381190611374763,3,0.7927410629157873,0.345377998221689
Groundnut,4,1.0995907915547412,11,0.8820826952526799,0.21750809630206125
Maize,2,1.1163660932383972,5,0.9167922665142144,0.19957382672418278
Jowar/Sorghum,7,1.0906240578836297,9,0.892372625866747,0.19825143201688267
Banana,8,1.08499095840868,1,0.9113924050632912,0.17359855334538887
Cotton,6,1.0589035505373419,10,0.9467192672198794,0.11218428331746244
Wheat,2,1.035402339517502,9,0.9711872277380978,0.0642151117794042
Rice,8,1.0078538227280012,1,0.9905433563071004,0.017310466420900728
