Crop,Year,Median_Price,Mean_Price,Observations,YoY_Change_Percent,YoY_Change_Absolute
Banana,2015,1900.0,1956.6618418618912,4865,,
Banana,2016,2000.0,2328.6166648712738,5449,5.263157894736836,100.0
Banana,2017,2200.0,2431.016385262434,5413,10.000000000000009,200.0
Banana,2018,2150.0,2312.2056083379703,5548,-2.2727272727272707,-50.0
Banana,2019,2200.0,2529.5696953894962,6345,2.3255813953488413,50.0
Banana,2020,2250.0,2415.087384378482,4015,2.2727272727272707,50.0
Banana,2021,2375.0,2461.564783416917,5049,5.555555555555558,125.0
Banana,2022,2500.0,3207.4756623313424,6855,5.263157894736836,125.0
Banana,2023,2788.75,3142.770753295532,7164,11.549999999999994,288.75
Banana,2024,3092.5,3579.8209345429354,9969,10.89197669206634,303.75
Banana,2025,4000.0,3930.1326201686206,12863,29.345189975747775,907.5
Cotton,2015,4100.0,4096.284078865833,2321,,
Cotton,2016,4767.5,4736.904702723393,2985,16.280487804878053,667.5
Cotton,2017,4950.0,4880.083208881661,2943,3.828002097535399,182.5
Cotton,2018,5025.0,5007.890273690332,2626,1.5151515151515138,75.0
Cotton,2019,5375.0,5351.637477412906,2412,6.965174129353224,350.0
Cotton,2020,4536.75,4629.219185899271,1220,-15.5953488372093,-838.25
Cotton,2021,6233.25,6280.518908808477,1304,37.394610679451155,1696.5
Cotton,2022,9200.0,8971.874493027904,2218,47.59555609032206,2966.75
Cotton,2023,7025.0,7128.4894455607455,2482,-23.641304347826086,-2175.0
Cotton,2024,7028.25,6889.618415193584,1755,0.0462633451957295,3.25
Cotton,2025,7125.0,7035.64059775787,2206,1.376587343933422,96.75
Groundnut,2015,4347.0,4496.233925855434,1549,,
Groundnut,2016,4663.25,4868.830934439636,1716,7.275132275132279,316.25
Groundnut,2017,3995.0,4221.552800946006,1714,-14.330134562804908,-668.25
Groundnut,2018,3712.0,3853.852870855338,1670,-7.08385481852315,-283.0
Groundnut,2019,4508.5,4773.704394194996,1606,21.45743534482758,796.5
Groundnut,2020,4792.0,5007.688290899584,1142,6.288122435399801,283.5
Groundnut,2021,5288.5,5413.533648259179,1398,10.3610183639399,496.5
Groundnut,2022,5677.75,5797.961416881182,1739,7.360310106835577,389.25
Groundnut,2023,6415.0,6583.193179668872,1584,12.984897186385446,737.25
Groundnut,2024,5900.0,6006.418667937579,2011,-8.028059236165241,-515.0
Groundnut,2025,5402.5,5619.817973174919,2708,-8.432203389830505,-497.5
Jowar/Sorghum,2015,1875.0,1919.7848449018231,1338,,
Jowar/Sorghum,2016,1900.0,1955.784183152424,1816,1.333333333333342,25.0
Jowar/Sorghum,2017,1750.5,1799.7973804740013,2018,-7.8684210526315805,-149.5
Jowar/Sorghum,2018,1708.25,1938.6475767273912,1677,-2.4135961153956,-42.25
Jowar/Sorghum,2019,2425.0,2492.394475021114,1783,41.95814429972194,716.75
Jowar/Sorghum,2020,2331.25,2324.7871272641023,1279,-3.8659793814432963,-93.75
Jowar/Sorghum,2021,1750.0,1905.335705157506,1646,-24.93297587131368,-581.25
Jowar/Sorghum,2022,2230.5,2377.9644978432016,1488,27.45714285714285,480.5
Jowar/Sorghum,2023,3419.25,3530.9481922999407,1506,53.29522528581037,1188.75
Jowar/Sorghum,2024,2620.0,2906.1990257947978,1550,-23.375009139431157,-799.25
Jowar/Sorghum,2025,2506.0,2871.398014071417,1588,-4.351145038167936,-114.0
Lentil,2015,5950.0,6431.40316523673,631,,
Lentil,2016,5685.0,6544.87844400328,730,-4.453781512605037,-265.0
Maize,2015,1300.0,1301.7733618956263,3841,,
Maize,2016,1434.75,1466.851570377902,4161,10.36538461538461,134.75
Maize,2017,1367.5,1341.2936100847974,4874,-4.687227740024391,-67.25
Maize,2018,1235.0,1296.1598469823437,4359,-9.689213893967096,-132.5
Maize,2019,1875.0,1850.9716347572428,4143,51.821862348178136,640.0
Maize,2020,1355.5,1477.4712457787643,2709,-27.706666666666667,-519.5
Maize,2021,1500.0,1532.7805427857154,3327,10.660272962006644,144.5
Maize,2022,2000.0,1976.1846297838456,3956,33.33333333333333,500.0
Maize,2023,2012.5,2019.6256131984285,4158,0.6250000000000089,12.5
Maize,2024,2188.0,2250.5484427601223,4370,8.720496894409946,175.5
Maize,2025,2172.5,2196.699175765208,5844,-0.708409506398533,-15.5
Onion,2015,1740.0,2300.8026785450156,9460,,
Onion,2016,1000.0,1153.5864812769862,9493,-42.52873563218391,-740.0
Onion,2017,915.0,1634.1023262810277,9693,-8.499999999999996,-85.0
Onion,2018,1370.0,1665.204726138939,10836,49.726775956284165,455.0
Onion,2019,1137.5,2037.983691864265,10934,-16.970802919708028,-232.5
Onion,2020,2125.0,2611.429165452871,8447,86.81318681318682,987.5
Onion,2021,2095.0,2311.3718442601826,9978,-1.4117647058823568,-30.0
Onion,2022,1500.0,1852.031290938305,11451,-28.400954653937948,-595.0
Onion,2023,1532.5,2141.0761644902536,6015,2.1666666666666723,32.5
Onion,2024,2350.0,3001.9711451704966,6479,53.344208809135395,817.5
Onion,2025,1675.0,2276.272427614241,8076,-28.723404255319153,-675.0
Potato,2015,692.5,807.5917350399417,4767,,
Potato,2016,1155.0,1216.805059321559,4759,66.7870036101083,462.5
Potato,2017,537.5,690.5254992001563,5069,-53.463203463203456,-617.5
Potato,2018,1150.0,1110.7803352927372,5656,113.953488372093,612.5
Potato,2019,885.0,981.3335695774202,5930,-23.043478260869566,-265.0
Potato,2020,1800.0,2142.229049828544,3772,103.38983050847457,915.0
Potato,2021,1055.0,1236.9132234350088,4052,-41.388888888888886,-745.0
Potato,2022,1350.0,1538.469822392878,5955,27.96208530805686,295.0
Potato,2023,1127.5,1321.8971052795234,6165,-16.481481481481485,-222.5
Potato,2024,2010.0,2239.9513159289727,6453,78.27050997782705,882.5
Potato,2025,1250.0,1928.1078685829223,7473,-37.810945273631845,-760.0
Rice,2015,2262.5,2501.7762095806747,5904,,
Rice,2016,2350.0,2673.4198982850976,5557,3.8674033149171283,87.5
Rice,2017,2490.0,2692.987989188821,5489,5.957446808510647,140.0
Rice,2018,2600.0,2750.3280102028043,5419,4.417670682730934,110.0
Rice,2019,2600.0,2786.8639547738585,5853,0.0,0.0
Rice,2020,2600.0,2796.192770497997,4128,0.0,0.0
Rice,2021,2551.25,2732.5156397571604,4337,-1.8750000000000044,-48.75
Rice,2022,2685.0,2924.7966247723434,4945,5.242528172464489,133.75
Rice,2023,2925.0,3145.3424094009238,4770,8.93854748603351,240.0
Rice,2024,3182.5,3489.9347514944943,4556,8.803418803418793,257.5
Rice,2025,3400.0,3643.666927361488,4221,6.834249803613512,217.5
Wheat,2015,1480.5,1552.1446258580327,4397,,
Wheat,2016,1650.0,1713.3403589343095,4400,11.448834853090162,169.5
Wheat,2017,1623.0,1675.894614806859,5041,-1.6363636363636358,-27.0
Wheat,2018,1735.0,1778.55843645826,5191,6.900800985828703,112.0
Wheat,2019,1922.5,1941.346008627311,6473,10.80691642651297,187.5
Wheat,2020,1849.75,1872.1003244309638,6767,-3.784135240572173,-72.75
Wheat,2021,1795.0,1833.8115642029504,8888,-2.959859440464929,-54.75
Wheat,2022,2042.75,2176.157480060983,10530,13.802228412256268,247.75
Wheat,2023,2325.0,2392.1708147263885,10017,13.817158242565174,282.25
Wheat,2024,2500.0,2547.27546066639,10802,7.526881720430101,175.0
Wheat,2025,2512.5,2610.0571584136273,14270,0.49999999999998934,12.5
