Crop,Observations,First_Date,Last_Date,Observed_2015_2025_Months,Expected_2015_2025_Months,Missing_2015_2025_Months,Markets,States
Wheat,86776,2015-01-01,2025-12-08,132,132,0,1530,19
Rice,55179,2015-01-01,2025-12-08,132,132,0,614,24
Maize,45742,2015-01-01,2025-12-08,132,132,0,1235,23
Jowar/Sorghum,17689,2015-01-01,2025-12-08,132,132,0,576,12
Groundnut,18837,2015-01-01,2025-12-08,132,132,0,687,19
Cotton,24472,2015-01-01,2025-12-08,132,132,0,671,14
Banana,73535,2015-01-01,2025-12-08,132,132,0,1105,29
Onion,100862,2015-01-01,2025-12-01,132,132,0,1598,31
Potato,60051,2015-01-01,2025-12-01,132,132,0,1488,31
Lentil,1361,2015-01-01,2016-11-08,22,132,110,220,14
Sweet Potato,0,,,0,132,132,0,0
Bajra/Pearl Millet,0,,,0,132,132,0,0
