Crop,Year,Month,Observed,Status
Banana,2015,1,True,Observed
Banana,2015,2,True,Observed
Banana,2015,3,True,Observed
Banana,2015,4,True,Observed
Banana,2015,5,True,Observed
Banana,2015,6,True,Observed
Banana,2015,7,True,Observed
Banana,2015,8,True,Observed
Banana,2015,9,True,Observed
Banana,2015,10,True,Observed
Banana,2015,11,True,Observed
Banana,2015,12,True,Observed
Banana,2016,1,True,Observed
Banana,2016,2,True,Observed
Banana,2016,3,True,Observed
Banana,2016,4,True,Observed
Banana,2016,5,True,Observed
Banana,2016,6,True,Observed
Banana,2016,7,True,Observed
Banana,2016,8,True,Observed
Banana,2016,9,True,Observed
Banana,2016,10,True,Observed
Banana,2016,11,True,Observed
Banana,2016,12,True,Observed
Banana,2017,1,True,Observed
Banana,2017,2,True,Observed
Banana,2017,3,True,Observed
Banana,2017,4,True,Observed
Banana,2017,5,True,Observed
Banana,2017,6,True,Observed
Banana,2017,7,True,Observed
Banana,2017,8,True,Observed
Banana,2017,9,True,Observed
Banana,2017,10,True,Observed
Banana,2017,11,True,Observed
Banana,2017,12,True,Observed
Banana,2018,1,True,Observed
Banana,2018,2,True,Observed
Banana,2018,3,True,Observed
Banana,2018,4,True,Observed
Banana,2018,5,True,Observed
Banana,2018,6,True,Observed
Banana,2018,7,True,Observed
Banana,2018,8,True,Observed
Banana,2018,9,True,Observed
Banana,2018,10,True,Observed
Banana,2018,11,True,Observed
Banana,2018,12,True,Observed
Banana,2019,1,True,Observed
Banana,2019,2,True,Observed
Banana,2019,3,True,Observed
Banana,2019,4,True,Observed
Banana,2019,5,True,Observed
Banana,2019,6,True,Observed
Banana,2019,7,True,Observed
Banana,2019,8,True,Observed
Banana,2019,9,True,Observed
Banana,2019,10,True,Observed
Banana,2019,11,True,Observed
Banana,2019,12,True,Observed
Banana,2020,1,True,Observed
Banana,2020,2,True,Observed
Banana,2020,3,True,Observed
Banana,2020,4,True,Observed
Banana,2020,5,True,Observed
Banana,2020,6,True,Observed
Banana,2020,7,True,Observed
Banana,2020,8,True,Observed
Banana,2020,9,True,Observed
Banana,2020,10,True,Observed
Banana,2020,11,True,Observed
Banana,2020,12,True,Observed
Banana,2021,1,True,Observed
Banana,2021,2,True,Observed
Banana,2021,3,True,Observed
Banana,2021,4,True,Observed
Banana,2021,5,True,Observed
Banana,2021,6,True,Observed
Banana,2021,7,True,Observed
Banana,2021,8,True,Observed
Banana,2021,9,True,Observed
Banana,2021,10,True,Observed
Banana,2021,11,True,Observed
Banana,2021,12,True,Observed
Banana,2022,1,True,Observed
Banana,2022,2,True,Observed
Banana,2022,3,True,Observed
Banana,2022,4,True,Observed
Banana,2022,5,True,Observed
Banana,2022,6,True,Observed
Banana,2022,7,True,Observed
Banana,2022,8,True,Observed
Banana,2022,9,True,Observed
Banana,2022,10,True,Observed
Banana,2022,11,True,Observed
Banana,2022,12,True,Observed
Banana,2023,1,True,Observed
Banana,2023,2,True,Observed
Banana,2023,3,True,Observed
Banana,2023,4,True,Observed
Banana,2023,5,True,Observed
Banana,2023,6,True,Observed
Banana,2023,7,True,Observed
Banana,2023,8,True,Observed
Banana,2023,9,True,Observed
Banana,2023,10,True,Observed
Banana,2023,11,True,Observed
Banana,2023,12,True,Observed
Banana,2024,1,True,Observed
Banana,2024,2,True,Observed
Banana,2024,3,True,Observed
Banana,2024,4,True,Observed
Banana,2024,5,True,Observed
Banana,2024,6,True,Observed
Banana,2024,7,True,Observed
Banana,2024,8,True,Observed
Banana,2024,9,True,Observed
Banana,2024,10,True,Observed
Banana,2024,11,True,Observed
Banana,2024,12,True,Observed
Banana,2025,1,True,Observed
Banana,2025,2,True,Observed
Banana,2025,3,True,Observed
Banana,2025,4,True,Observed
Banana,2025,5,True,Observed
Banana,2025,6,True,Observed
Banana,2025,7,True,Observed
Banana,2025,8,True,Observed
Banana,2025,9,True,Observed
Banana,2025,10,True,Observed
Banana,2025,11,True,Observed
Banana,2025,12,True,Observed
Cotton,2015,1,True,Observed
Cotton,2015,2,True,Observed
Cotton,2015,3,True,Observed
Cotton,2015,4,True,Observed
Cotton,2015,5,True,Observed
Cotton,2015,6,True,Observed
Cotton,2015,7,True,Observed
Cotton,2015,8,True,Observed
Cotton,2015,9,True,Observed
Cotton,2015,10,True,Observed
Cotton,2015,11,True,Observed
Cotton,2015,12,True,Observed
Cotton,2016,1,True,Observed
Cotton,2016,2,True,Observed
Cotton,2016,3,True,Observed
Cotton,2016,4,True,Observed
Cotton,2016,5,True,Observed
Cotton,2016,6,True,Observed
Cotton,2016,7,True,Observed
Cotton,2016,8,True,Observed
Cotton,2016,9,True,Observed
Cotton,2016,10,True,Observed
Cotton,2016,11,True,Observed
Cotton,2016,12,True,Observed
Cotton,2017,1,True,Observed
Cotton,2017,2,True,Observed
Cotton,2017,3,True,Observed
Cotton,2017,4,True,Observed
Cotton,2017,5,True,Observed
Cotton,2017,6,True,Observed
Cotton,2017,7,True,Observed
Cotton,2017,8,True,Observed
Cotton,2017,9,True,Observed
Cotton,2017,10,True,Observed
Cotton,2017,11,True,Observed
Cotton,2017,12,True,Observed
Cotton,2018,1,True,Observed
Cotton,2018,2,True,Observed
Cotton,2018,3,True,Observed
Cotton,2018,4,True,Observed
Cotton,2018,5,True,Observed
Cotton,2018,6,True,Observed
Cotton,2018,7,True,Observed
Cotton,2018,8,True,Observed
Cotton,2018,9,True,Observed
Cotton,2018,10,True,Observed
Cotton,2018,11,True,Observed
Cotton,2018,12,True,Observed
Cotton,2019,1,True,Observed
Cotton,2019,2,True,Observed
Cotton,2019,3,True,Observed
Cotton,2019,4,True,Observed
Cotton,2019,5,True,Observed
Cotton,2019,6,True,Observed
Cotton,2019,7,True,Observed
Cotton,2019,8,True,Observed
Cotton,2019,9,True,Observed
Cotton,2019,10,True,Observed
Cotton,2019,11,True,Observed
Cotton,2019,12,True,Observed
Cotton,2020,1,True,Observed
Cotton,2020,2,True,Observed
Cotton,2020,3,True,Observed
Cotton,2020,4,True,Observed
Cotton,2020,5,True,Observed
Cotton,2020,6,True,Observed
Cotton,2020,7,True,Observed
Cotton,2020,8,True,Observed
Cotton,2020,9,True,Observed
Cotton,2020,10,True,Observed
Cotton,2020,11,True,Observed
Cotton,2020,12,True,Observed
Cotton,2021,1,True,Observed
Cotton,2021,2,True,Observed
Cotton,2021,3,True,Observed
Cotton,2021,4,True,Observed
Cotton,2021,5,True,Observed
Cotton,2021,6,True,Observed
Cotton,2021,7,True,Observed
Cotton,2021,8,True,Observed
Cotton,2021,9,True,Observed
Cotton,2021,10,True,Observed
Cotton,2021,11,True,Observed
Cotton,2021,12,True,Observed
Cotton,2022,1,True,Observed
Cotton,2022,2,True,Observed
Cotton,2022,3,True,Observed
Cotton,2022,4,True,Observed
Cotton,2022,5,True,Observed
Cotton,2022,6,True,Observed
Cotton,2022,7,True,Observed
Cotton,2022,8,True,Observed
Cotton,2022,9,True,Observed
Cotton,2022,10,True,Observed
Cotton,2022,11,True,Observed
Cotton,2022,12,True,Observed
Cotton,2023,1,True,Observed
Cotton,2023,2,True,Observed
Cotton,2023,3,True,Observed
Cotton,2023,4,True,Observed
Cotton,2023,5,True,Observed
Cotton,2023,6,True,Observed
Cotton,2023,7,True,Observed
Cotton,2023,8,True,Observed
Cotton,2023,9,True,Observed
Cotton,2023,10,True,Observed
Cotton,2023,11,True,Observed
Cotton,2023,12,True,Observed
Cotton,2024,1,True,Observed
Cotton,2024,2,True,Observed
Cotton,2024,3,True,Observed
Cotton,2024,4,True,Observed
Cotton,2024,5,True,Observed
Cotton,2024,6,True,Observed
Cotton,2024,7,True,Observed
Cotton,2024,8,True,Observed
Cotton,2024,9,True,Observed
Cotton,2024,10,True,Observed
Cotton,2024,11,True,Observed
Cotton,2024,12,True,Observed
Cotton,2025,1,True,Observed
Cotton,2025,2,True,Observed
Cotton,2025,3,True,Observed
Cotton,2025,4,True,Observed
Cotton,2025,5,True,Observed
Cotton,2025,6,True,Observed
Cotton,2025,7,True,Observed
Cotton,2025,8,True,Observed
Cotton,2025,9,True,Observed
Cotton,2025,10,True,Observed
Cotton,2025,11,True,Observed
Cotton,2025,12,True,Observed
Groundnut,2015,1,True,Observed
Groundnut,2015,2,True,Observed
Groundnut,2015,3,True,Observed
Groundnut,2015,4,True,Observed
Groundnut,2015,5,True,Observed
Groundnut,2015,6,True,Observed
Groundnut,2015,7,True,Observed
Groundnut,2015,8,True,Observed
Groundnut,2015,9,True,Observed
Groundnut,2015,10,True,Observed
Groundnut,2015,11,True,Observed
Groundnut,2015,12,True,Observed
Groundnut,2016,1,True,Observed
Groundnut,2016,2,True,Observed
Groundnut,2016,3,True,Observed
Groundnut,2016,4,True,Observed
Groundnut,2016,5,True,Observed
Groundnut,2016,6,True,Observed
Groundnut,2016,7,True,Observed
Groundnut,2016,8,True,Observed
Groundnut,2016,9,True,Observed
Groundnut,2016,10,True,Observed
Groundnut,2016,11,True,Observed
Groundnut,2016,12,True,Observed
Groundnut,2017,1,True,Observed
Groundnut,2017,2,True,Observed
Groundnut,2017,3,True,Observed
Groundnut,2017,4,True,Observed
Groundnut,2017,5,True,Observed
Groundnut,2017,6,True,Observed
Groundnut,2017,7,True,Observed
Groundnut,2017,8,True,Observed
Groundnut,2017,9,True,Observed
Groundnut,2017,10,True,Observed
Groundnut,2017,11,True,Observed
Groundnut,2017,12,True,Observed
Groundnut,2018,1,True,Observed
Groundnut,2018,2,True,Observed
Groundnut,2018,3,True,Observed
Groundnut,2018,4,True,Observed
Groundnut,2018,5,True,Observed
Groundnut,2018,6,True,Observed
Groundnut,2018,7,True,Observed
Groundnut,2018,8,True,Observed
Groundnut,2018,9,True,Observed
Groundnut,2018,10,True,Observed
Groundnut,2018,11,True,Observed
Groundnut,2018,12,True,Observed
Groundnut,2019,1,True,Observed
Groundnut,2019,2,True,Observed
Groundnut,2019,3,True,Observed
Groundnut,2019,4,True,Observed
Groundnut,2019,5,True,Observed
Groundnut,2019,6,True,Observed
Groundnut,2019,7,True,Observed
Groundnut,2019,8,True,Observed
Groundnut,2019,9,True,Observed
Groundnut,2019,10,True,Observed
Groundnut,2019,11,True,Observed
Groundnut,2019,12,True,Observed
Groundnut,2020,1,True,Observed
Groundnut,2020,2,True,Observed
Groundnut,2020,3,True,Observed
Groundnut,2020,4,True,Observed
Groundnut,2020,5,True,Observed
Groundnut,2020,6,True,Observed
Groundnut,2020,7,True,Observed
Groundnut,2020,8,True,Observed
Groundnut,2020,9,True,Observed
Groundnut,2020,10,True,Observed
Groundnut,2020,11,True,Observed
Groundnut,2020,12,True,Observed
Groundnut,2021,1,True,Observed
Groundnut,2021,2,True,Observed
Groundnut,2021,3,True,Observed
Groundnut,2021,4,True,Observed
Groundnut,2021,5,True,Observed
Groundnut,2021,6,True,Observed
Groundnut,2021,7,True,Observed
Groundnut,2021,8,True,Observed
Groundnut,2021,9,True,Observed
Groundnut,2021,10,True,Observed
Groundnut,2021,11,True,Observed
Groundnut,2021,12,True,Observed
Groundnut,2022,1,True,Observed
Groundnut,2022,2,True,Observed
Groundnut,2022,3,True,Observed
Groundnut,2022,4,True,Observed
Groundnut,2022,5,True,Observed
Groundnut,2022,6,True,Observed
Groundnut,2022,7,True,Observed
Groundnut,2022,8,True,Observed
Groundnut,2022,9,True,Observed
Groundnut,2022,10,True,Observed
Groundnut,2022,11,True,Observed
Groundnut,2022,12,True,Observed
Groundnut,2023,1,True,Observed
Groundnut,2023,2,True,Observed
Groundnut,2023,3,True,Observed
Groundnut,2023,4,True,Observed
Groundnut,2023,5,True,Observed
Groundnut,2023,6,True,Observed
Groundnut,2023,7,True,Observed
Groundnut,2023,8,True,Observed
Groundnut,2023,9,True,Observed
Groundnut,2023,10,True,Observed
Groundnut,2023,11,True,Observed
Groundnut,2023,12,True,Observed
Groundnut,2024,1,True,Observed
Groundnut,2024,2,True,Observed
Groundnut,2024,3,True,Observed
Groundnut,2024,4,True,Observed
Groundnut,2024,5,True,Observed
Groundnut,2024,6,True,Observed
Groundnut,2024,7,True,Observed
Groundnut,2024,8,True,Observed
Groundnut,2024,9,True,Observed
Groundnut,2024,10,True,Observed
Groundnut,2024,11,True,Observed
Groundnut,2024,12,True,Observed
Groundnut,2025,1,True,Observed
Groundnut,2025,2,True,Observed
Groundnut,2025,3,True,Observed
Groundnut,2025,4,True,Observed
Groundnut,2025,5,True,Observed
Groundnut,2025,6,True,Observed
Groundnut,2025,7,True,Observed
Groundnut,2025,8,True,Observed
Groundnut,2025,9,True,Observed
Groundnut,2025,10,True,Observed
Groundnut,2025,11,True,Observed
Groundnut,2025,12,True,Observed
Jowar/Sorghum,2015,1,True,Observed
Jowar/Sorghum,2015,2,True,Observed
Jowar/Sorghum,2015,3,True,Observed
Jowar/Sorghum,2015,4,True,Observed
Jowar/Sorghum,2015,5,True,Observed
Jowar/Sorghum,2015,6,True,Observed
Jowar/Sorghum,2015,7,True,Observed
Jowar/Sorghum,2015,8,True,Observed
Jowar/Sorghum,2015,9,True,Observed
Jowar/Sorghum,2015,10,True,Observed
Jowar/Sorghum,2015,11,True,Observed
Jowar/Sorghum,2015,12,True,Observed
Jowar/Sorghum,2016,1,True,Observed
Jowar/Sorghum,2016,2,True,Observed
Jowar/Sorghum,2016,3,True,Observed
Jowar/Sorghum,2016,4,True,Observed
Jowar/Sorghum,2016,5,True,Observed
Jowar/Sorghum,2016,6,True,Observed
Jowar/Sorghum,2016,7,True,Observed
Jowar/Sorghum,2016,8,True,Observed
Jowar/Sorghum,2016,9,True,Observed
Jowar/Sorghum,2016,10,True,Observed
Jowar/Sorghum,2016,11,True,Observed
Jowar/Sorghum,2016,12,True,Observed
Jowar/Sorghum,2017,1,True,Observed
Jowar/Sorghum,2017,2,True,Observed
Jowar/Sorghum,2017,3,True,Observed
Jowar/Sorghum,2017,4,True,Observed
Jowar/Sorghum,2017,5,True,Observed
Jowar/Sorghum,2017,6,True,Observed
Jowar/Sorghum,2017,7,True,Observed
Jowar/Sorghum,2017,8,True,Observed
Jowar/Sorghum,2017,9,True,Observed
Jowar/Sorghum,2017,10,True,Observed
Jowar/Sorghum,2017,11,True,Observed
Jowar/Sorghum,2017,12,True,Observed
Jowar/Sorghum,2018,1,True,Observed
Jowar/Sorghum,2018,2,True,Observed
Jowar/Sorghum,2018,3,True,Observed
Jowar/Sorghum,2018,4,True,Observed
Jowar/Sorghum,2018,5,True,Observed
Jowar/Sorghum,2018,6,True,Observed
Jowar/Sorghum,2018,7,True,Observed
Jowar/Sorghum,2018,8,True,Observed
Jowar/Sorghum,2018,9,True,Observed
Jowar/Sorghum,2018,10,True,Observed
Jowar/Sorghum,2018,11,True,Observed
Jowar/Sorghum,2018,12,True,Observed
Jowar/Sorghum,2019,1,True,Observed
Jowar/Sorghum,2019,2,True,Observed
Jowar/Sorghum,2019,3,True,Observed
Jowar/Sorghum,2019,4,True,Observed
Jowar/Sorghum,2019,5,True,Observed
Jowar/Sorghum,2019,6,True,Observed
Jowar/Sorghum,2019,7,True,Observed
Jowar/Sorghum,2019,8,True,Observed
Jowar/Sorghum,2019,9,True,Observed
Jowar/Sorghum,2019,10,True,Observed
Jowar/Sorghum,2019,11,True,Observed
Jowar/Sorghum,2019,12,True,Observed
Jowar/Sorghum,2020,1,True,Observed
Jowar/Sorghum,2020,2,True,Observed
Jowar/Sorghum,2020,3,True,Observed
Jowar/Sorghum,2020,4,True,Observed
Jowar/Sorghum,2020,5,True,Observed
Jowar/Sorghum,2020,6,True,Observed
Jowar/Sorghum,2020,7,True,Observed
Jowar/Sorghum,2020,8,True,Observed
Jowar/Sorghum,2020,9,True,Observed
Jowar/Sorghum,2020,10,True,Observed
Jowar/Sorghum,2020,11,True,Observed
Jowar/Sorghum,2020,12,True,Observed
Jowar/Sorghum,2021,1,True,Observed
Jowar/Sorghum,2021,2,True,Observed
Jowar/Sorghum,2021,3,True,Observed
Jowar/Sorghum,2021,4,True,Observed
Jowar/Sorghum,2021,5,True,Observed
Jowar/Sorghum,2021,6,True,Observed
Jowar/Sorghum,2021,7,True,Observed
Jowar/Sorghum,2021,8,True,Observed
Jowar/Sorghum,2021,9,True,Observed
Jowar/Sorghum,2021,10,True,Observed
Jowar/Sorghum,2021,11,True,Observed
Jowar/Sorghum,2021,12,True,Observed
Jowar/Sorghum,2022,1,True,Observed
Jowar/Sorghum,2022,2,True,Observed
Jowar/Sorghum,2022,3,True,Observed
Jowar/Sorghum,2022,4,True,Observed
Jowar/Sorghum,2022,5,True,Observed
Jowar/Sorghum,2022,6,True,Observed
Jowar/Sorghum,2022,7,True,Observed
Jowar/Sorghum,2022,8,True,Observed
Jowar/Sorghum,2022,9,True,Observed
Jowar/Sorghum,2022,10,True,Observed
Jowar/Sorghum,2022,11,True,Observed
Jowar/Sorghum,2022,12,True,Observed
Jowar/Sorghum,2023,1,True,Observed
Jowar/Sorghum,2023,2,True,Observed
Jowar/Sorghum,2023,3,True,Observed
Jowar/Sorghum,2023,4,True,Observed
Jowar/Sorghum,2023,5,True,Observed
Jowar/Sorghum,2023,6,True,Observed
Jowar/Sorghum,2023,7,True,Observed
Jowar/Sorghum,2023,8,True,Observed
Jowar/Sorghum,2023,9,True,Observed
Jowar/Sorghum,2023,10,True,Observed
Jowar/Sorghum,2023,11,True,Observed
Jowar/Sorghum,2023,12,True,Observed
Jowar/Sorghum,2024,1,True,Observed
Jowar/Sorghum,2024,2,True,Observed
Jowar/Sorghum,2024,3,True,Observed
Jowar/Sorghum,2024,4,True,Observed
Jowar/Sorghum,2024,5,True,Observed
Jowar/Sorghum,2024,6,True,Observed
Jowar/Sorghum,2024,7,True,Observed
Jowar/Sorghum,2024,8,True,Observed
Jowar/Sorghum,2024,9,True,Observed
Jowar/Sorghum,2024,10,True,Observed
Jowar/Sorghum,2024,11,True,Observed
Jowar/Sorghum,2024,12,True,Observed
Jowar/Sorghum,2025,1,True,Observed
Jowar/Sorghum,2025,2,True,Observed
Jowar/Sorghum,2025,3,True,Observed
Jowar/Sorghum,2025,4,True,Observed
Jowar/Sorghum,2025,5,True,Observed
Jowar/Sorghum,2025,6,True,Observed
Jowar/Sorghum,2025,7,True,Observed
Jowar/Sorghum,2025,8,True,Observed
Jowar/Sorghum,2025,9,True,Observed
Jowar/Sorghum,2025,10,True,Observed
Jowar/Sorghum,2025,11,True,Observed
Jowar/Sorghum,2025,12,True,Observed
Lentil,2015,1,True,Observed
Lentil,2015,2,True,Observed
Lentil,2015,3,True,Observed
Lentil,2015,4,True,Observed
Lentil,2015,5,True,Observed
Lentil,2015,6,True,Observed
Lentil,2015,7,True,Observed
Lentil,2015,8,True,Observed
Lentil,2015,9,True,Observed
Lentil,2015,10,True,Observed
Lentil,2015,11,True,Observed
Lentil,2015,12,True,Observed
Lentil,2016,1,True,Observed
Lentil,2016,2,True,Observed
Lentil,2016,3,True,Observed
Lentil,2016,4,True,Observed
Lentil,2016,5,True,Observed
Lentil,2016,6,True,Observed
Lentil,2016,7,True,Observed
Lentil,2016,8,True,Observed
Lentil,2016,9,False,Missing
Lentil,2016,10,True,Observed
Lentil,2016,11,True,Observed
Lentil,2016,12,False,Missing
Lentil,2017,1,False,Missing
Lentil,2017,2,False,Missing
Lentil,2017,3,False,Missing
Lentil,2017,4,False,Missing
Lentil,2017,5,False,Missing
Lentil,2017,6,False,Missing
Lentil,2017,7,False,Missing
Lentil,2017,8,False,Missing
Lentil,2017,9,False,Missing
Lentil,2017,10,False,Missing
Lentil,2017,11,False,Missing
Lentil,2017,12,False,Missing
Lentil,2018,1,False,Missing
Lentil,2018,2,False,Missing
Lentil,2018,3,False,Missing
Lentil,2018,4,False,Missing
Lentil,2018,5,False,Missing
Lentil,2018,6,False,Missing
Lentil,2018,7,False,Missing
Lentil,2018,8,False,Missing
Lentil,2018,9,False,Missing
Lentil,2018,10,False,Missing
Lentil,2018,11,False,Missing
Lentil,2018,12,False,Missing
Lentil,2019,1,False,Missing
Lentil,2019,2,False,Missing
Lentil,2019,3,False,Missing
Lentil,2019,4,False,Missing
Lentil,2019,5,False,Missing
Lentil,2019,6,False,Missing
Lentil,2019,7,False,Missing
Lentil,2019,8,False,Missing
Lentil,2019,9,False,Missing
Lentil,2019,10,False,Missing
Lentil,2019,11,False,Missing
Lentil,2019,12,False,Missing
Lentil,2020,1,False,Missing
Lentil,2020,2,False,Missing
Lentil,2020,3,False,Missing
Lentil,2020,4,False,Missing
Lentil,2020,5,False,Missing
Lentil,2020,6,False,Missing
Lentil,2020,7,False,Missing
Lentil,2020,8,False,Missing
Lentil,2020,9,False,Missing
Lentil,2020,10,False,Missing
Lentil,2020,11,False,Missing
Lentil,2020,12,False,Missing
Lentil,2021,1,False,Missing
Lentil,2021,2,False,Missing
Lentil,2021,3,False,Missing
Lentil,2021,4,False,Missing
Lentil,2021,5,False,Missing
Lentil,2021,6,False,Missing
Lentil,2021,7,False,Missing
Lentil,2021,8,False,Missing
Lentil,2021,9,False,Missing
Lentil,2021,10,False,Missing
Lentil,2021,11,False,Missing
Lentil,2021,12,False,Missing
Lentil,2022,1,False,Missing
Lentil,2022,2,False,Missing
Lentil,2022,3,False,Missing
Lentil,2022,4,False,Missing
Lentil,2022,5,False,Missing
Lentil,2022,6,False,Missing
Lentil,2022,7,False,Missing
Lentil,2022,8,False,Missing
Lentil,2022,9,False,Missing
Lentil,2022,10,False,Missing
Lentil,2022,11,False,Missing
Lentil,2022,12,False,Missing
Lentil,2023,1,False,Missing
Lentil,2023,2,False,Missing
Lentil,2023,3,False,Missing
Lentil,2023,4,False,Missing
Lentil,2023,5,False,Missing
Lentil,2023,6,False,Missing
Lentil,2023,7,False,Missing
Lentil,2023,8,False,Missing
Lentil,2023,9,False,Missing
Lentil,2023,10,False,Missing
Lentil,2023,11,False,Missing
Lentil,2023,12,False,Missing
Lentil,2024,1,False,Missing
Lentil,2024,2,False,Missing
Lentil,2024,3,False,Missing
Lentil,2024,4,False,Missing
Lentil,2024,5,False,Missing
Lentil,2024,6,False,Missing
Lentil,2024,7,False,Missing
Lentil,2024,8,False,Missing
Lentil,2024,9,False,Missing
Lentil,2024,10,False,Missing
Lentil,2024,11,False,Missing
Lentil,2024,12,False,Missing
Lentil,2025,1,False,Missing
Lentil,2025,2,False,Missing
Lentil,2025,3,False,Missing
Lentil,2025,4,False,Missing
Lentil,2025,5,False,Missing
Lentil,2025,6,False,Missing
Lentil,2025,7,False,Missing
Lentil,2025,8,False,Missing
Lentil,2025,9,False,Missing
Lentil,2025,10,False,Missing
Lentil,2025,11,False,Missing
Lentil,2025,12,False,Missing
Maize,2015,1,True,Observed
Maize,2015,2,True,Observed
Maize,2015,3,True,Observed
Maize,2015,4,True,Observed
Maize,2015,5,True,Observed
Maize,2015,6,True,Observed
Maize,2015,7,True,Observed
Maize,2015,8,True,Observed
Maize,2015,9,True,Observed
Maize,2015,10,True,Observed
Maize,2015,11,True,Observed
Maize,2015,12,True,Observed
Maize,2016,1,True,Observed
Maize,2016,2,True,Observed
Maize,2016,3,True,Observed
Maize,2016,4,True,Observed
Maize,2016,5,True,Observed
Maize,2016,6,True,Observed
Maize,2016,7,True,Observed
Maize,2016,8,True,Observed
Maize,2016,9,True,Observed
Maize,2016,10,True,Observed
Maize,2016,11,True,Observed
Maize,2016,12,True,Observed
Maize,2017,1,True,Observed
Maize,2017,2,True,Observed
Maize,2017,3,True,Observed
Maize,2017,4,True,Observed
Maize,2017,5,True,Observed
Maize,2017,6,True,Observed
Maize,2017,7,True,Observed
Maize,2017,8,True,Observed
Maize,2017,9,True,Observed
Maize,2017,10,True,Observed
Maize,2017,11,True,Observed
Maize,2017,12,True,Observed
Maize,2018,1,True,Observed
Maize,2018,2,True,Observed
Maize,2018,3,True,Observed
Maize,2018,4,True,Observed
Maize,2018,5,True,Observed
Maize,2018,6,True,Observed
Maize,2018,7,True,Observed
Maize,2018,8,True,Observed
Maize,2018,9,True,Observed
Maize,2018,10,True,Observed
Maize,2018,11,True,Observed
Maize,2018,12,True,Observed
Maize,2019,1,True,Observed
Maize,2019,2,True,Observed
Maize,2019,3,True,Observed
Maize,2019,4,True,Observed
Maize,2019,5,True,Observed
Maize,2019,6,True,Observed
Maize,2019,7,True,Observed
Maize,2019,8,True,Observed
Maize,2019,9,True,Observed
Maize,2019,10,True,Observed
Maize,2019,11,True,Observed
Maize,2019,12,True,Observed
Maize,2020,1,True,Observed
Maize,2020,2,True,Observed
Maize,2020,3,True,Observed
Maize,2020,4,True,Observed
Maize,2020,5,True,Observed
Maize,2020,6,True,Observed
Maize,2020,7,True,Observed
Maize,2020,8,True,Observed
Maize,2020,9,True,Observed
Maize,2020,10,True,Observed
Maize,2020,11,True,Observed
Maize,2020,12,True,Observed
Maize,2021,1,True,Observed
Maize,2021,2,True,Observed
Maize,2021,3,True,Observed
Maize,2021,4,True,Observed
Maize,2021,5,True,Observed
Maize,2021,6,True,Observed
Maize,2021,7,True,Observed
Maize,2021,8,True,Observed
Maize,2021,9,True,Observed
Maize,2021,10,True,Observed
Maize,2021,11,True,Observed
Maize,2021,12,True,Observed
Maize,2022,1,True,Observed
Maize,2022,2,True,Observed
Maize,2022,3,True,Observed
Maize,2022,4,True,Observed
Maize,2022,5,True,Observed
Maize,2022,6,True,Observed
Maize,2022,7,True,Observed
Maize,2022,8,True,Observed
Maize,2022,9,True,Observed
Maize,2022,10,True,Observed
Maize,2022,11,True,Observed
Maize,2022,12,True,Observed
Maize,2023,1,True,Observed
Maize,2023,2,True,Observed
Maize,2023,3,True,Observed
Maize,2023,4,True,Observed
Maize,2023,5,True,Observed
Maize,2023,6,True,Observed
Maize,2023,7,True,Observed
Maize,2023,8,True,Observed
Maize,2023,9,True,Observed
Maize,2023,10,True,Observed
Maize,2023,11,True,Observed
Maize,2023,12,True,Observed
Maize,2024,1,True,Observed
Maize,2024,2,True,Observed
Maize,2024,3,True,Observed
Maize,2024,4,True,Observed
Maize,2024,5,True,Observed
Maize,2024,6,True,Observed
Maize,2024,7,True,Observed
Maize,2024,8,True,Observed
Maize,2024,9,True,Observed
Maize,2024,10,True,Observed
Maize,2024,11,True,Observed
Maize,2024,12,True,Observed
Maize,2025,1,True,Observed
Maize,2025,2,True,Observed
Maize,2025,3,True,Observed
Maize,2025,4,True,Observed
Maize,2025,5,True,Observed
Maize,2025,6,True,Observed
Maize,2025,7,True,Observed
Maize,2025,8,True,Observed
Maize,2025,9,True,Observed
Maize,2025,10,True,Observed
Maize,2025,11,True,Observed
Maize,2025,12,True,Observed
Onion,2015,1,True,Observed
Onion,2015,2,True,Observed
Onion,2015,3,True,Observed
Onion,2015,4,True,Observed
Onion,2015,5,True,Observed
Onion,2015,6,True,Observed
Onion,2015,7,True,Observed
Onion,2015,8,True,Observed
Onion,2015,9,True,Observed
Onion,2015,10,True,Observed
Onion,2015,11,True,Observed
Onion,2015,12,True,Observed
Onion,2016,1,True,Observed
Onion,2016,2,True,Observed
Onion,2016,3,True,Observed
Onion,2016,4,True,Observed
Onion,2016,5,True,Observed
Onion,2016,6,True,Observed
Onion,2016,7,True,Observed
Onion,2016,8,True,Observed
Onion,2016,9,True,Observed
Onion,2016,10,True,Observed
Onion,2016,11,True,Observed
Onion,2016,12,True,Observed
Onion,2017,1,True,Observed
Onion,2017,2,True,Observed
Onion,2017,3,True,Observed
Onion,2017,4,True,Observed
Onion,2017,5,True,Observed
Onion,2017,6,True,Observed
Onion,2017,7,True,Observed
Onion,2017,8,True,Observed
Onion,2017,9,True,Observed
Onion,2017,10,True,Observed
Onion,2017,11,True,Observed
Onion,2017,12,True,Observed
Onion,2018,1,True,Observed
Onion,2018,2,True,Observed
Onion,2018,3,True,Observed
Onion,2018,4,True,Observed
Onion,2018,5,True,Observed
Onion,2018,6,True,Observed
Onion,2018,7,True,Observed
Onion,2018,8,True,Observed
Onion,2018,9,True,Observed
Onion,2018,10,True,Observed
Onion,2018,11,True,Observed
Onion,2018,12,True,Observed
Onion,2019,1,True,Observed
Onion,2019,2,True,Observed
Onion,2019,3,True,Observed
Onion,2019,4,True,Observed
Onion,2019,5,True,Observed
Onion,2019,6,True,Observed
Onion,2019,7,True,Observed
Onion,2019,8,True,Observed
Onion,2019,9,True,Observed
Onion,2019,10,True,Observed
Onion,2019,11,True,Observed
Onion,2019,12,True,Observed
Onion,2020,1,True,Observed
Onion,2020,2,True,Observed
Onion,2020,3,True,Observed
Onion,2020,4,True,Observed
Onion,2020,5,True,Observed
Onion,2020,6,True,Observed
Onion,2020,7,True,Observed
Onion,2020,8,True,Observed
Onion,2020,9,True,Observed
Onion,2020,10,True,Observed
Onion,2020,11,True,Observed
Onion,2020,12,True,Observed
Onion,2021,1,True,Observed
Onion,2021,2,True,Observed
Onion,2021,3,True,Observed
Onion,2021,4,True,Observed
Onion,2021,5,True,Observed
Onion,2021,6,True,Observed
Onion,2021,7,True,Observed
Onion,2021,8,True,Observed
Onion,2021,9,True,Observed
Onion,2021,10,True,Observed
Onion,2021,11,True,Observed
Onion,2021,12,True,Observed
Onion,2022,1,True,Observed
Onion,2022,2,True,Observed
Onion,2022,3,True,Observed
Onion,2022,4,True,Observed
Onion,2022,5,True,Observed
Onion,2022,6,True,Observed
Onion,2022,7,True,Observed
Onion,2022,8,True,Observed
Onion,2022,9,True,Observed
Onion,2022,10,True,Observed
Onion,2022,11,True,Observed
Onion,2022,12,True,Observed
Onion,2023,1,True,Observed
Onion,2023,2,True,Observed
Onion,2023,3,True,Observed
Onion,2023,4,True,Observed
Onion,2023,5,True,Observed
Onion,2023,6,True,Observed
Onion,2023,7,True,Observed
Onion,2023,8,True,Observed
Onion,2023,9,True,Observed
Onion,2023,10,True,Observed
Onion,2023,11,True,Observed
Onion,2023,12,True,Observed
Onion,2024,1,True,Observed
Onion,2024,2,True,Observed
Onion,2024,3,True,Observed
Onion,2024,4,True,Observed
Onion,2024,5,True,Observed
Onion,2024,6,True,Observed
Onion,2024,7,True,Observed
Onion,2024,8,True,Observed
Onion,2024,9,True,Observed
Onion,2024,10,True,Observed
Onion,2024,11,True,Observed
Onion,2024,12,True,Observed
Onion,2025,1,True,Observed
Onion,2025,2,True,Observed
Onion,2025,3,True,Observed
Onion,2025,4,True,Observed
Onion,2025,5,True,Observed
Onion,2025,6,True,Observed
Onion,2025,7,True,Observed
Onion,2025,8,True,Observed
Onion,2025,9,True,Observed
Onion,2025,10,True,Observed
Onion,2025,11,True,Observed
Onion,2025,12,True,Observed
Potato,2015,1,True,Observed
Potato,2015,2,True,Observed
Potato,2015,3,True,Observed
Potato,2015,4,True,Observed
Potato,2015,5,True,Observed
Potato,2015,6,True,Observed
Potato,2015,7,True,Observed
Potato,2015,8,True,Observed
Potato,2015,9,True,Observed
Potato,2015,10,True,Observed
Potato,2015,11,True,Observed
Potato,2015,12,True,Observed
Potato,2016,1,True,Observed
Potato,2016,2,True,Observed
Potato,2016,3,True,Observed
Potato,2016,4,True,Observed
Potato,2016,5,True,Observed
Potato,2016,6,True,Observed
Potato,2016,7,True,Observed
Potato,2016,8,True,Observed
Potato,2016,9,True,Observed
Potato,2016,10,True,Observed
Potato,2016,11,True,Observed
Potato,2016,12,True,Observed
Potato,2017,1,True,Observed
Potato,2017,2,True,Observed
Potato,2017,3,True,Observed
Potato,2017,4,True,Observed
Potato,2017,5,True,Observed
Potato,2017,6,True,Observed
Potato,2017,7,True,Observed
Potato,2017,8,True,Observed
Potato,2017,9,True,Observed
Potato,2017,10,True,Observed
Potato,2017,11,True,Observed
Potato,2017,12,True,Observed
Potato,2018,1,True,Observed
Potato,2018,2,True,Observed
Potato,2018,3,True,Observed
Potato,2018,4,True,Observed
Potato,2018,5,True,Observed
Potato,2018,6,True,Observed
Potato,2018,7,True,Observed
Potato,2018,8,True,Observed
Potato,2018,9,True,Observed
Potato,2018,10,True,Observed
Potato,2018,11,True,Observed
Potato,2018,12,True,Observed
Potato,2019,1,True,Observed
Potato,2019,2,True,Observed
Potato,2019,3,True,Observed
Potato,2019,4,True,Observed
Potato,2019,5,True,Observed
Potato,2019,6,True,Observed
Potato,2019,7,True,Observed
Potato,2019,8,True,Observed
Potato,2019,9,True,Observed
Potato,2019,10,True,Observed
Potato,2019,11,True,Observed
Potato,2019,12,True,Observed
Potato,2020,1,True,Observed
Potato,2020,2,True,Observed
Potato,2020,3,True,Observed
Potato,2020,4,True,Observed
Potato,2020,5,True,Observed
Potato,2020,6,True,Observed
Potato,2020,7,True,Observed
Potato,2020,8,True,Observed
Potato,2020,9,True,Observed
Potato,2020,10,True,Observed
Potato,2020,11,True,Observed
Potato,2020,12,True,Observed
Potato,2021,1,True,Observed
Potato,2021,2,True,Observed
Potato,2021,3,True,Observed
Potato,2021,4,True,Observed
Potato,2021,5,True,Observed
Potato,2021,6,True,Observed
Potato,2021,7,True,Observed
Potato,2021,8,True,Observed
Potato,2021,9,True,Observed
Potato,2021,10,True,Observed
Potato,2021,11,True,Observed
Potato,2021,12,True,Observed
Potato,2022,1,True,Observed
Potato,2022,2,True,Observed
Potato,2022,3,True,Observed
Potato,2022,4,True,Observed
Potato,2022,5,True,Observed
Potato,2022,6,True,Observed
Potato,2022,7,True,Observed
Potato,2022,8,True,Observed
Potato,2022,9,True,Observed
Potato,2022,10,True,Observed
Potato,2022,11,True,Observed
Potato,2022,12,True,Observed
Potato,2023,1,True,Observed
Potato,2023,2,True,Observed
Potato,2023,3,True,Observed
Potato,2023,4,True,Observed
Potato,2023,5,True,Observed
Potato,2023,6,True,Observed
Potato,2023,7,True,Observed
Potato,2023,8,True,Observed
Potato,2023,9,True,Observed
Potato,2023,10,True,Observed
Potato,2023,11,True,Observed
Potato,2023,12,True,Observed
Potato,2024,1,True,Observed
Potato,2024,2,True,Observed
Potato,2024,3,True,Observed
Potato,2024,4,True,Observed
Potato,2024,5,True,Observed
Potato,2024,6,True,Observed
Potato,2024,7,True,Observed
Potato,2024,8,True,Observed
Potato,2024,9,True,Observed
Potato,2024,10,True,Observed
Potato,2024,11,True,Observed
Potato,2024,12,True,Observed
Potato,2025,1,True,Observed
Potato,2025,2,True,Observed
Potato,2025,3,True,Observed
Potato,2025,4,True,Observed
Potato,2025,5,True,Observed
Potato,2025,6,True,Observed
Potato,2025,7,True,Observed
Potato,2025,8,True,Observed
Potato,2025,9,True,Observed
Potato,2025,10,True,Observed
Potato,2025,11,True,Observed
Potato,2025,12,True,Observed
Rice,2015,1,True,Observed
Rice,2015,2,True,Observed
Rice,2015,3,True,Observed
Rice,2015,4,True,Observed
Rice,2015,5,True,Observed
Rice,2015,6,True,Observed
Rice,2015,7,True,Observed
Rice,2015,8,True,Observed
Rice,2015,9,True,Observed
Rice,2015,10,True,Observed
Rice,2015,11,True,Observed
Rice,2015,12,True,Observed
Rice,2016,1,True,Observed
Rice,2016,2,True,Observed
Rice,2016,3,True,Observed
Rice,2016,4,True,Observed
Rice,2016,5,True,Observed
Rice,2016,6,True,Observed
Rice,2016,7,True,Observed
Rice,2016,8,True,Observed
Rice,2016,9,True,Observed
Rice,2016,10,True,Observed
Rice,2016,11,True,Observed
Rice,2016,12,True,Observed
Rice,2017,1,True,Observed
Rice,2017,2,True,Observed
Rice,2017,3,True,Observed
Rice,2017,4,True,Observed
Rice,2017,5,True,Observed
Rice,2017,6,True,Observed
Rice,2017,7,True,Observed
Rice,2017,8,True,Observed
Rice,2017,9,True,Observed
Rice,2017,10,True,Observed
Rice,2017,11,True,Observed
Rice,2017,12,True,Observed
Rice,2018,1,True,Observed
Rice,2018,2,True,Observed
Rice,2018,3,True,Observed
Rice,2018,4,True,Observed
Rice,2018,5,True,Observed
Rice,2018,6,True,Observed
Rice,2018,7,True,Observed
Rice,2018,8,True,Observed
Rice,2018,9,True,Observed
Rice,2018,10,True,Observed
Rice,2018,11,True,Observed
Rice,2018,12,True,Observed
Rice,2019,1,True,Observed
Rice,2019,2,True,Observed
Rice,2019,3,True,Observed
Rice,2019,4,True,Observed
Rice,2019,5,True,Observed
Rice,2019,6,True,Observed
Rice,2019,7,True,Observed
Rice,2019,8,True,Observed
Rice,2019,9,True,Observed
Rice,2019,10,True,Observed
Rice,2019,11,True,Observed
Rice,2019,12,True,Observed
Rice,2020,1,True,Observed
Rice,2020,2,True,Observed
Rice,2020,3,True,Observed
Rice,2020,4,True,Observed
Rice,2020,5,True,Observed
Rice,2020,6,True,Observed
Rice,2020,7,True,Observed
Rice,2020,8,True,Observed
Rice,2020,9,True,Observed
Rice,2020,10,True,Observed
Rice,2020,11,True,Observed
Rice,2020,12,True,Observed
Rice,2021,1,True,Observed
Rice,2021,2,True,Observed
Rice,2021,3,True,Observed
Rice,2021,4,True,Observed
Rice,2021,5,True,Observed
Rice,2021,6,True,Observed
Rice,2021,7,True,Observed
Rice,2021,8,True,Observed
Rice,2021,9,True,Observed
Rice,2021,10,True,Observed
Rice,2021,11,True,Observed
Rice,2021,12,True,Observed
Rice,2022,1,True,Observed
Rice,2022,2,True,Observed
Rice,2022,3,True,Observed
Rice,2022,4,True,Observed
Rice,2022,5,True,Observed
Rice,2022,6,True,Observed
Rice,2022,7,True,Observed
Rice,2022,8,True,Observed
Rice,2022,9,True,Observed
Rice,2022,10,True,Observed
Rice,2022,11,True,Observed
Rice,2022,12,True,Observed
Rice,2023,1,True,Observed
Rice,2023,2,True,Observed
Rice,2023,3,True,Observed
Rice,2023,4,True,Observed
Rice,2023,5,True,Observed
Rice,2023,6,True,Observed
Rice,2023,7,True,Observed
Rice,2023,8,True,Observed
Rice,2023,9,True,Observed
Rice,2023,10,True,Observed
Rice,2023,11,True,Observed
Rice,2023,12,True,Observed
Rice,2024,1,True,Observed
Rice,2024,2,True,Observed
Rice,2024,3,True,Observed
Rice,2024,4,True,Observed
Rice,2024,5,True,Observed
Rice,2024,6,True,Observed
Rice,2024,7,True,Observed
Rice,2024,8,True,Observed
Rice,2024,9,True,Observed
Rice,2024,10,True,Observed
Rice,2024,11,True,Observed
Rice,2024,12,True,Observed
Rice,2025,1,True,Observed
Rice,2025,2,True,Observed
Rice,2025,3,True,Observed
Rice,2025,4,True,Observed
Rice,2025,5,True,Observed
Rice,2025,6,True,Observed
Rice,2025,7,True,Observed
Rice,2025,8,True,Observed
Rice,2025,9,True,Observed
Rice,2025,10,True,Observed
Rice,2025,11,True,Observed
Rice,2025,12,True,Observed
Wheat,2015,1,True,Observed
Wheat,2015,2,True,Observed
Wheat,2015,3,True,Observed
Wheat,2015,4,True,Observed
Wheat,2015,5,True,Observed
Wheat,2015,6,True,Observed
Wheat,2015,7,True,Observed
Wheat,2015,8,True,Observed
Wheat,2015,9,True,Observed
Wheat,2015,10,True,Observed
Wheat,2015,11,True,Observed
Wheat,2015,12,True,Observed
Wheat,2016,1,True,Observed
Wheat,2016,2,True,Observed
Wheat,2016,3,True,Observed
Wheat,2016,4,True,Observed
Wheat,2016,5,True,Observed
Wheat,2016,6,True,Observed
Wheat,2016,7,True,Observed
Wheat,2016,8,True,Observed
Wheat,2016,9,True,Observed
Wheat,2016,10,True,Observed
Wheat,2016,11,True,Observed
Wheat,2016,12,True,Observed
Wheat,2017,1,True,Observed
Wheat,2017,2,True,Observed
Wheat,2017,3,True,Observed
Wheat,2017,4,True,Observed
Wheat,2017,5,True,Observed
Wheat,2017,6,True,Observed
Wheat,2017,7,True,Observed
Wheat,2017,8,True,Observed
Wheat,2017,9,True,Observed
Wheat,2017,10,True,Observed
Wheat,2017,11,True,Observed
Wheat,2017,12,True,Observed
Wheat,2018,1,True,Observed
Wheat,2018,2,True,Observed
Wheat,2018,3,True,Observed
Wheat,2018,4,True,Observed
Wheat,2018,5,True,Observed
Wheat,2018,6,True,Observed
Wheat,2018,7,True,Observed
Wheat,2018,8,True,Observed
Wheat,2018,9,True,Observed
Wheat,2018,10,True,Observed
Wheat,2018,11,True,Observed
Wheat,2018,12,True,Observed
Wheat,2019,1,True,Observed
Wheat,2019,2,True,Observed
Wheat,2019,3,True,Observed
Wheat,2019,4,True,Observed
Wheat,2019,5,True,Observed
Wheat,2019,6,True,Observed
Wheat,2019,7,True,Observed
Wheat,2019,8,True,Observed
Wheat,2019,9,True,Observed
Wheat,2019,10,True,Observed
Wheat,2019,11,True,Observed
Wheat,2019,12,True,Observed
Wheat,2020,1,True,Observed
Wheat,2020,2,True,Observed
Wheat,2020,3,True,Observed
Wheat,2020,4,True,Observed
Wheat,2020,5,True,Observed
Wheat,2020,6,True,Observed
Wheat,2020,7,True,Observed
Wheat,2020,8,True,Observed
Wheat,2020,9,True,Observed
Wheat,2020,10,True,Observed
Wheat,2020,11,True,Observed
Wheat,2020,12,True,Observed
Wheat,2021,1,True,Observed
Wheat,2021,2,True,Observed
Wheat,2021,3,True,Observed
Wheat,2021,4,True,Observed
Wheat,2021,5,True,Observed
Wheat,2021,6,True,Observed
Wheat,2021,7,True,Observed
Wheat,2021,8,True,Observed
Wheat,2021,9,True,Observed
Wheat,2021,10,True,Observed
Wheat,2021,11,True,Observed
Wheat,2021,12,True,Observed
Wheat,2022,1,True,Observed
Wheat,2022,2,True,Observed
Wheat,2022,3,True,Observed
Wheat,2022,4,True,Observed
Wheat,2022,5,True,Observed
Wheat,2022,6,True,Observed
Wheat,2022,7,True,Observed
Wheat,2022,8,True,Observed
Wheat,2022,9,True,Observed
Wheat,2022,10,True,Observed
Wheat,2022,11,True,Observed
Wheat,2022,12,True,Observed
Wheat,2023,1,True,Observed
Wheat,2023,2,True,Observed
Wheat,2023,3,True,Observed
Wheat,2023,4,True,Observed
Wheat,2023,5,True,Observed
Wheat,2023,6,True,Observed
Wheat,2023,7,True,Observed
Wheat,2023,8,True,Observed
Wheat,2023,9,True,Observed
Wheat,2023,10,True,Observed
Wheat,2023,11,True,Observed
Wheat,2023,12,True,Observed
Wheat,2024,1,True,Observed
Wheat,2024,2,True,Observed
Wheat,2024,3,True,Observed
Wheat,2024,4,True,Observed
Wheat,2024,5,True,Observed
Wheat,2024,6,True,Observed
Wheat,2024,7,True,Observed
Wheat,2024,8,True,Observed
Wheat,2024,9,True,Observed
Wheat,2024,10,True,Observed
Wheat,2024,11,True,Observed
Wheat,2024,12,True,Observed
Wheat,2025,1,True,Observed
Wheat,2025,2,True,Observed
Wheat,2025,3,True,Observed
Wheat,2025,4,True,Observed
Wheat,2025,5,True,Observed
Wheat,2025,6,True,Observed
Wheat,2025,7,True,Observed
Wheat,2025,8,True,Observed
Wheat,2025,9,True,Observed
Wheat,2025,10,True,Observed
Wheat,2025,11,True,Observed
Wheat,2025,12,True,Observed
